column,dtype,n_missing,pct_missing,n_unique
patient_id,int64,0,0.0,1904
age_at_diagnosis,float64,0,0.0,1572
type_of_breast_surgery,str,22,1.16,2
cancer_type,str,0,0.0,2
cancer_type_detailed,str,15,0.79,6
cellularity,str,54,2.84,3
chemotherapy,int64,0,0.0,2
pam50_+_claudin-low_subtype,str,0,0.0,7
cohort,float64,0,0.0,5
er_status_measured_by_ihc,str,30,1.58,2
er_status,str,0,0.0,2
neoplasm_histologic_grade,float64,72,3.78,3
her2_status_measured_by_snp6,str,0,0.0,4
her2_status,str,0,0.0,2
tumor_other_histologic_subtype,str,15,0.79,8
hormone_therapy,int64,0,0.0,2
inferred_menopausal_state,str,0,0.0,2
integrative_cluster,str,0,0.0,11
primary_tumor_laterality,str,106,5.57,2
lymph_nodes_examined_positive,float64,0,0.0,31
mutation_count,float64,45,2.36,30
nottingham_prognostic_index,float64,0,0.0,310
oncotree_code,str,15,0.79,6
overall_survival_months,float64,0,0.0,1685
overall_survival,int64,0,0.0,2
pr_status,str,0,0.0,2
radio_therapy,int64,0,0.0,2
3-gene_classifier_subtype,str,204,10.71,4
tumor_size,float64,20,1.05,111
tumor_stage,float64,501,26.31,5
death_from_cancer,str,1,0.05,3
brca1,float64,0,0.0,1811
brca2,float64,0,0.0,1840
palb2,float64,0,0.0,1846
pten,float64,0,0.0,1851
tp53,float64,0,0.0,1853
atm,float64,0,0.0,1848
cdh1,float64,0,0.0,1831
chek2,float64,0,0.0,1774
nbn,float64,0,0.0,1851
nf1,float64,0,0.0,1773
stk11,float64,0,0.0,1790
bard1,float64,0,0.0,1857
mlh1,float64,0,0.0,1845
msh2,float64,0,0.0,1840
msh6,float64,0,0.0,1850
pms2,float64,0,0.0,1761
epcam,float64,0,0.0,1848
rad51c,float64,0,0.0,1770
rad51d,float64,0,0.0,1761
rad50,float64,0,0.0,1846
rb1,float64,0,0.0,1799
rbl1,float64,0,0.0,1789
rbl2,float64,0,0.0,1704
ccna1,float64,0,0.0,1791
ccnb1,float64,0,0.0,1855
cdk1,float64,0,0.0,1817
ccne1,float64,0,0.0,1845
cdk2,float64,0,0.0,1707
cdc25a,float64,0,0.0,1798
ccnd1,float64,0,0.0,1074
cdk4,float64,0,0.0,1475
cdk6,float64,0,0.0,1849
ccnd2,float64,0,0.0,1846
cdkn2a,float64,0,0.0,1784
cdkn2b,float64,0,0.0,1860
myc,float64,0,0.0,1857
cdkn1a,float64,0,0.0,1850
cdkn1b,float64,0,0.0,1809
e2f1,float64,0,0.0,1824
e2f2,float64,0,0.0,1797
e2f3,float64,0,0.0,1857
e2f4,float64,0,0.0,1700
e2f5,float64,0,0.0,1782
e2f6,float64,0,0.0,1845
e2f7,float64,0,0.0,1824
e2f8,float64,0,0.0,1808
src,float64,0,0.0,1743
jak1,float64,0,0.0,1761
jak2,float64,0,0.0,1753
stat1,float64,0,0.0,1588
stat2,float64,0,0.0,1370
stat3,float64,0,0.0,1722
stat5a,float64,0,0.0,1766
stat5b,float64,0,0.0,1777
mdm2,float64,0,0.0,1838
tp53bp1,float64,0,0.0,1849
adam10,float64,0,0.0,1748
adam17,float64,0,0.0,1695
aph1a,float64,0,0.0,1774
aph1b,float64,0,0.0,1863
arrdc1,float64,0,0.0,1757
cir1,float64,0,0.0,1740
ctbp1,float64,0,0.0,1567
ctbp2,float64,0,0.0,1854
cul1,float64,0,0.0,1666
dll1,float64,0,0.0,1776
dll3,float64,0,0.0,1786
dll4,float64,0,0.0,1818
dtx1,float64,0,0.0,1823
dtx2,float64,0,0.0,1850
dtx3,float64,0,0.0,1791
dtx4,float64,0,0.0,1825
ep300,float64,0,0.0,1752
fbxw7,float64,0,0.0,1774
hdac1,float64,0,0.0,1328
hdac2,float64,0,0.0,1609
hes1,float64,0,0.0,1748
hes5,float64,0,0.0,1785
heyl,float64,0,0.0,1770
itch,float64,0,0.0,1685
jag1,float64,0,0.0,1755
jag2,float64,0,0.0,1768
kdm5a,float64,0,0.0,1861
lfng,float64,0,0.0,1720
maml1,float64,0,0.0,1865
maml2,float64,0,0.0,1814
maml3,float64,0,0.0,1828
ncor2,float64,0,0.0,1854
ncstn,float64,0,0.0,1854
notch1,float64,0,0.0,1738
notch2,float64,0,0.0,1749
notch3,float64,0,0.0,1849
nrarp,float64,0,0.0,1771
numb,float64,0,0.0,1852
numbl,float64,0,0.0,1811
psen1,float64,0,0.0,1844
psen2,float64,0,0.0,1740
psenen,float64,0,0.0,1732
rbpj,float64,0,0.0,1859
rbpjl,float64,0,0.0,1809
rfng,float64,0,0.0,1849
snw1,float64,0,0.0,1838
spen,float64,0,0.0,1589
hes2,float64,0,0.0,1851
hes4,float64,0,0.0,1548
hes7,float64,0,0.0,1511
hey1,float64,0,0.0,1756
hey2,float64,0,0.0,1789
acvr1,float64,0,0.0,1670
acvr1b,float64,0,0.0,1640
acvr1c,float64,0,0.0,1821
acvr2a,float64,0,0.0,1750
acvr2b,float64,0,0.0,1826
acvrl1,float64,0,0.0,1769
akt1,float64,0,0.0,1857
akt1s1,float64,0,0.0,1821
akt2,float64,0,0.0,1809
apaf1,float64,0,0.0,1695
arl11,float64,0,0.0,1832
atr,float64,0,0.0,1840
aurka,float64,0,0.0,1858
bad,float64,0,0.0,1858
bcl2,float64,0,0.0,1863
bcl2l1,float64,0,0.0,1343
bmp10,float64,0,0.0,1811
bmp15,float64,0,0.0,1859
bmp2,float64,0,0.0,1786
bmp3,float64,0,0.0,1836
bmp4,float64,0,0.0,1822
bmp5,float64,0,0.0,1803
bmp6,float64,0,0.0,1797
bmp7,float64,0,0.0,1799
bmpr1a,float64,0,0.0,1856
bmpr1b,float64,0,0.0,1755
bmpr2,float64,0,0.0,1726
braf,float64,0,0.0,1847
casp10,float64,0,0.0,1856
casp3,float64,0,0.0,1673
casp6,float64,0,0.0,1775
casp7,float64,0,0.0,1847
casp8,float64,0,0.0,1817
casp9,float64,0,0.0,1799
chek1,float64,0,0.0,1795
csf1,float64,0,0.0,1850
csf1r,float64,0,0.0,1591
cxcl8,float64,0,0.0,1847
cxcr1,float64,0,0.0,1827
cxcr2,float64,0,0.0,1835
dab2,float64,0,0.0,1602
diras3,float64,0,0.0,1808
dlec1,float64,0,0.0,1840
dph1,float64,0,0.0,1855
egfr,float64,0,0.0,1826
eif4e,float64,0,0.0,1867
eif4ebp1,float64,0,0.0,1824
eif5a2,float64,0,0.0,1754
erbb2,float64,0,0.0,1816
erbb3,float64,0,0.0,1640
erbb4,float64,0,0.0,1793
fas,float64,0,0.0,1829
fgf1,float64,0,0.0,1850
fgfr1,float64,0,0.0,1843
folr1,float64,0,0.0,1799
folr2,float64,0,0.0,1793
folr3,float64,0,0.0,1834
foxo1,float64,0,0.0,1768
foxo3,float64,0,0.0,1857
gdf11,float64,0,0.0,1762
gdf2,float64,0,0.0,1803
gsk3b,float64,0,0.0,1728
hif1a,float64,0,0.0,1850
hla-g,float64,0,0.0,1776
hras,float64,0,0.0,1857
igf1,float64,0,0.0,1841
igf1r,float64,0,0.0,1848
inha,float64,0,0.0,1800
inhba,float64,0,0.0,1810
inhbc,float64,0,0.0,1792
itgav,float64,0,0.0,1730
itgb3,float64,0,0.0,1837
izumo1r,float64,0,0.0,1796
kdr,float64,0,0.0,1809
kit,float64,0,0.0,1817
kras,float64,0,0.0,1709
map2k1,float64,0,0.0,1844
map2k2,float64,0,0.0,1843
map2k3,float64,0,0.0,1849
map2k4,float64,0,0.0,1835
map2k5,float64,0,0.0,1708
map3k1,float64,0,0.0,1745
map3k3,float64,0,0.0,1695
map3k4,float64,0,0.0,1700
map3k5,float64,0,0.0,1771
mapk1,float64,0,0.0,1754
mapk12,float64,0,0.0,1822
mapk14,float64,0,0.0,1838
mapk3,float64,0,0.0,1630
mapk4,float64,0,0.0,1808
mapk6,float64,0,0.0,1850
mapk7,float64,0,0.0,1720
mapk8,float64,0,0.0,1861
mapk9,float64,0,0.0,1723
mdc1,float64,0,0.0,1691
mlst8,float64,0,0.0,1712
mmp1,float64,0,0.0,1789
mmp10,float64,0,0.0,1796
mmp11,float64,0,0.0,1846
mmp12,float64,0,0.0,1765
mmp13,float64,0,0.0,1817
mmp14,float64,0,0.0,1817
mmp15,float64,0,0.0,1784
mmp16,float64,0,0.0,1829
mmp17,float64,0,0.0,1826
mmp19,float64,0,0.0,1842
mmp2,float64,0,0.0,1852
mmp21,float64,0,0.0,1821
mmp23b,float64,0,0.0,1833
mmp24,float64,0,0.0,1809
mmp25,float64,0,0.0,1813
mmp26,float64,0,0.0,1803
mmp27,float64,0,0.0,1814
mmp28,float64,0,0.0,1811
mmp3,float64,0,0.0,1818
mmp7,float64,0,0.0,1785
mmp9,float64,0,0.0,1735
mtor,float64,0,0.0,1623
nfkb1,float64,0,0.0,1338
nfkb2,float64,0,0.0,1752
opcml,float64,0,0.0,1845
pdgfa,float64,0,0.0,1855
pdgfb,float64,0,0.0,1779
pdgfra,float64,0,0.0,1847
pdgfrb,float64,0,0.0,1574
pdpk1,float64,0,0.0,1774
peg3,float64,0,0.0,1800
pik3ca,float64,0,0.0,1799
pik3r1,float64,0,0.0,1731
pik3r2,float64,0,0.0,1431
plagl1,float64,0,0.0,1843
ptk2,float64,0,0.0,1851
rab25,float64,0,0.0,1509
rad51,float64,0,0.0,1837
raf1,float64,0,0.0,1674
rassf1,float64,0,0.0,1749
rheb,float64,0,0.0,1849
rictor,float64,0,0.0,1823
rps6,float64,0,0.0,1866
rps6ka1,float64,0,0.0,1760
rps6ka2,float64,0,0.0,1761
rps6kb1,float64,0,0.0,1840
rps6kb2,float64,0,0.0,1853
rptor,float64,0,0.0,1819
slc19a1,float64,0,0.0,1790
smad1,float64,0,0.0,1855
smad2,float64,0,0.0,1831
smad3,float64,0,0.0,1741
smad4,float64,0,0.0,1687
smad5,float64,0,0.0,1798
smad6,float64,0,0.0,1853
smad7,float64,0,0.0,1850
smad9,float64,0,0.0,1779
sptbn1,float64,0,0.0,1723
terc,float64,0,0.0,1831
tert,float64,0,0.0,1832
tgfb1,float64,0,0.0,1812
tgfb2,float64,0,0.0,1806
tgfb3,float64,0,0.0,1854
tgfbr1,float64,0,0.0,1836
tgfbr2,float64,0,0.0,1731
tgfbr3,float64,0,0.0,1784
tsc1,float64,0,0.0,1727
tsc2,float64,0,0.0,1855
vegfa,float64,0,0.0,1773
vegfb,float64,0,0.0,1168
wfdc2,float64,0,0.0,1825
wwox,float64,0,0.0,1798
zfyve9,float64,0,0.0,1859
arid1a,float64,0,0.0,1607
arid1b,float64,0,0.0,1825
cbfb,float64,0,0.0,1717
gata3,float64,0,0.0,1835
kmt2c,float64,0,0.0,1855
kmt2d,float64,0,0.0,1833
myh9,float64,0,0.0,1839
ncor1,float64,0,0.0,1849
pde4dip,float64,0,0.0,1853
ptprd,float64,0,0.0,1818
ros1,float64,0,0.0,1804
runx1,float64,0,0.0,1709
tbx3,float64,0,0.0,1802
abcb1,float64,0,0.0,1812
abcb11,float64,0,0.0,1846
abcc1,float64,0,0.0,1769
abcc10,float64,0,0.0,1757
bbc3,float64,0,0.0,1855
bmf,float64,0,0.0,1762
cyp2c8,float64,0,0.0,1801
cyp3a4,float64,0,0.0,1828
fgf2,float64,0,0.0,1830
fn1,float64,0,0.0,1840
map2,float64,0,0.0,1809
map4,float64,0,0.0,1837
mapt,float64,0,0.0,1864
nr1i2,float64,0,0.0,1831
slco1b3,float64,0,0.0,1803
tubb1,float64,0,0.0,1827
tubb4a,float64,0,0.0,1801
tubb4b,float64,0,0.0,1843
twist1,float64,0,0.0,1848
adgra2,float64,0,0.0,1777
afdn,float64,0,0.0,1729
aff2,float64,0,0.0,1854
agmo,float64,0,0.0,1818
agtr2,float64,0,0.0,1848
ahnak,float64,0,0.0,1130
ahnak2,float64,0,0.0,1764
akap9,float64,0,0.0,1852
alk,float64,0,0.0,1815
apc,float64,0,0.0,1848
arid2,float64,0,0.0,1771
arid5b,float64,0,0.0,1686
asxl1,float64,0,0.0,1701
asxl2,float64,0,0.0,1648
bap1,float64,0,0.0,1690
bcas3,float64,0,0.0,1781
birc6,float64,0,0.0,1715
cacna2d3,float64,0,0.0,1831
ccnd3,float64,0,0.0,1387
chd1,float64,0,0.0,1754
clk3,float64,0,0.0,1854
clrn2,float64,0,0.0,1826
col12a1,float64,0,0.0,1765
col22a1,float64,0,0.0,1786
col6a3,float64,0,0.0,1447
ctcf,float64,0,0.0,1674
ctnna1,float64,0,0.0,1861
ctnna3,float64,0,0.0,1798
dnah11,float64,0,0.0,1792
dnah2,float64,0,0.0,1822
dnah5,float64,0,0.0,1805
dtwd2,float64,0,0.0,1794
fam20c,float64,0,0.0,1843
fanca,float64,0,0.0,1858
fancd2,float64,0,0.0,1856
flt3,float64,0,0.0,1830
foxp1,float64,0,0.0,1847
frmd3,float64,0,0.0,1769
gh1,float64,0,0.0,1854
gldc,float64,0,0.0,1759
gpr32,float64,0,0.0,1854
gps2,float64,0,0.0,1850
hdac9,float64,0,0.0,1817
herc2,float64,0,0.0,1644
hist1h2bc,float64,0,0.0,1837
kdm3a,float64,0,0.0,1773
kdm6a,float64,0,0.0,1845
klrg1,float64,0,0.0,1797
l1cam,float64,0,0.0,1831
lama2,float64,0,0.0,1848
lamb3,float64,0,0.0,1806
large1,float64,0,0.0,1740
ldlrap1,float64,0,0.0,1747
lifr,float64,0,0.0,1848
lipi,float64,0,0.0,1801
magea8,float64,0,0.0,1757
map3k10,float64,0,0.0,1836
map3k13,float64,0,0.0,1800
men1,float64,0,0.0,1858
mtap,float64,0,0.0,1724
muc16,float64,0,0.0,1782
myo1a,float64,0,0.0,1790
myo3a,float64,0,0.0,1782
ncoa3,float64,0,0.0,1690
nek1,float64,0,0.0,1743
nf2,float64,0,0.0,1833
npnt,float64,0,0.0,1817
nr2f1,float64,0,0.0,1797
nr3c1,float64,0,0.0,1785
nras,float64,0,0.0,1735
nrg3,float64,0,0.0,1812
nt5e,float64,0,0.0,1841
or6a2,float64,0,0.0,1813
palld,float64,0,0.0,1851
pbrm1,float64,0,0.0,1685
ppp2cb,float64,0,0.0,1847
ppp2r2a,float64,0,0.0,1856
prkacg,float64,0,0.0,1797
prkce,float64,0,0.0,1807
prkcq,float64,0,0.0,1711
prkcz,float64,0,0.0,1848
prkg1,float64,0,0.0,1815
prps2,float64,0,0.0,1853
prr16,float64,0,0.0,1731
ptpn22,float64,0,0.0,1835
ptprm,float64,0,0.0,1844
rasgef1b,float64,0,0.0,1856
rpgr,float64,0,0.0,1846
ryr2,float64,0,0.0,1817
sbno1,float64,0,0.0,1817
setd1a,float64,0,0.0,1724
setd2,float64,0,0.0,1591
setdb1,float64,0,0.0,1725
sf3b1,float64,0,0.0,1744
sgcd,float64,0,0.0,1837
shank2,float64,0,0.0,1846
siah1,float64,0,0.0,1858
sik1,float64,0,0.0,1805
sik2,float64,0,0.0,1804
smarcb1,float64,0,0.0,1714
smarcc1,float64,0,0.0,1635
smarcc2,float64,0,0.0,1660
smarcd1,float64,0,0.0,1578
spaca1,float64,0,0.0,1838
stab2,float64,0,0.0,1822
stmn2,float64,0,0.0,1799
syne1,float64,0,0.0,1790
taf1,float64,0,0.0,1867
taf4b,float64,0,0.0,1841
tbl1xr1,float64,0,0.0,1852
tg,float64,0,0.0,1823
thada,float64,0,0.0,1719
thsd7a,float64,0,0.0,1849
ttyh1,float64,0,0.0,1746
ubr5,float64,0,0.0,1708
ush2a,float64,0,0.0,1842
usp9x,float64,0,0.0,1854
utrn,float64,0,0.0,1773
zfp36l1,float64,0,0.0,1758
ackr3,float64,0,0.0,1775
akr1c1,float64,0,0.0,1853
akr1c2,float64,0,0.0,1840
akr1c3,float64,0,0.0,1780
akr1c4,float64,0,0.0,1843
akt3,float64,0,0.0,1830
ar,float64,0,0.0,1853
bche,float64,0,0.0,1771
cdk8,float64,0,0.0,1862
cdkn2c,float64,0,0.0,1832
cyb5a,float64,0,0.0,1846
cyp11a1,float64,0,0.0,1758
cyp11b2,float64,0,0.0,1811
cyp17a1,float64,0,0.0,1849
cyp19a1,float64,0,0.0,1848
cyp21a2,float64,0,0.0,1829
cyp3a43,float64,0,0.0,1828
cyp3a5,float64,0,0.0,1832
cyp3a7,float64,0,0.0,1853
ddc,float64,0,0.0,1740
hes6,float64,0,0.0,1806
hsd17b1,float64,0,0.0,1827
hsd17b10,float64,0,0.0,1865
hsd17b11,float64,0,0.0,1809
hsd17b12,float64,0,0.0,1855
hsd17b13,float64,0,0.0,1830
hsd17b14,float64,0,0.0,1775
hsd17b2,float64,0,0.0,1796
hsd17b3,float64,0,0.0,1833
hsd17b4,float64,0,0.0,1861
hsd17b6,float64,0,0.0,1813
hsd17b7,float64,0,0.0,1851
hsd17b8,float64,0,0.0,1849
hsd3b1,float64,0,0.0,1846
hsd3b2,float64,0,0.0,1814
hsd3b7,float64,0,0.0,1773
mecom,float64,0,0.0,1777
met,float64,0,0.0,1823
ncoa2,float64,0,0.0,1806
nrip1,float64,0,0.0,1686
pik3r3,float64,0,0.0,1780
prkci,float64,0,0.0,1849
prkd1,float64,0,0.0,1805
ran,float64,0,0.0,1849
rdh5,float64,0,0.0,1837
sdc4,float64,0,0.0,1856
serpini1,float64,0,0.0,1810
shbg,float64,0,0.0,1827
slc29a1,float64,0,0.0,1748
sox9,float64,0,0.0,1795
spry2,float64,0,0.0,1800
srd5a1,float64,0,0.0,1839
srd5a2,float64,0,0.0,1836
srd5a3,float64,0,0.0,1796
st7,float64,0,0.0,1854
star,float64,0,0.0,1847
tnk2,float64,0,0.0,1669
tulp4,float64,0,0.0,1714
ugt2b15,float64,0,0.0,1794
ugt2b17,float64,0,0.0,1785
ugt2b7,float64,0,0.0,1790
pik3ca_mut,str,0,0.0,160
tp53_mut,str,0,0.0,343
muc16_mut,str,0,0.0,298
ahnak2_mut,str,0,0.0,248
kmt2c_mut,str,0,0.0,222
syne1_mut,str,0,0.0,200
gata3_mut,str,0,0.0,128
map3k1_mut,str,0,0.0,194
ahnak_mut,str,0,0.0,153
dnah11_mut,str,0,0.0,154
cdh1_mut,str,0,0.0,140
dnah2_mut,str,0,0.0,129
kmt2d_mut,str,0,0.0,129
ush2a_mut,str,0,0.0,134
ryr2_mut,str,0,0.0,132
dnah5_mut,str,0,0.0,125
herc2_mut,str,0,0.0,109
pde4dip_mut,str,0,0.0,100
akap9_mut,str,0,0.0,109
tg_mut,str,0,0.0,104
birc6_mut,str,0,0.0,102
utrn_mut,str,0,0.0,91
tbx3_mut,str,0,0.0,98
col6a3_mut,str,0,0.0,87
arid1a_mut,str,0,0.0,90
lama2_mut,str,0,0.0,87
notch1_mut,str,0,0.0,83
cbfb_mut,str,0,0.0,66
ncor2_mut,str,0,0.0,83
col12a1_mut,str,0,0.0,76
col22a1_mut,str,0,0.0,70
pten_mut,str,0,0.0,73
akt1_mut,str,0,0.0,13
atr_mut,str,0,0.0,73
thada_mut,str,0,0.0,67
ncor1_mut,str,0,0.0,75
stab2_mut,str,0,0.0,69
myh9_mut,str,0,0.0,66
runx1_mut,str,0,0.0,64
nf1_mut,str,0,0.0,65
map2k4_mut,str,0,0.0,52
ros1_mut,str,0,0.0,53
lamb3_mut,str,0,0.0,51
arid1b_mut,str,0,0.0,51
erbb2_mut,str,0,0.0,37
sf3b1_mut,str,0,0.0,23
shank2_mut,str,0,0.0,54
ep300_mut,str,0,0.0,52
ptprd_mut,str,0,0.0,52
usp9x_mut,str,0,0.0,50
setd2_mut,str,0,0.0,52
setd1a_mut,str,0,0.0,46
thsd7a_mut,str,0,0.0,50
afdn_mut,str,0,0.0,45
erbb3_mut,str,0,0.0,39
rb1_mut,str,0,0.0,48
myo1a_mut,str,0,0.0,41
alk_mut,str,0,0.0,44
fanca_mut,str,0,0.0,42
adgra2_mut,str,0,0.0,43
ubr5_mut,str,0,0.0,45
pik3r1_mut,str,0,0.0,41
myo3a_mut,str,0,0.0,40
asxl2_mut,str,0,0.0,42
apc_mut,str,0,0.0,44
ctcf_mut,str,0,0.0,41
asxl1_mut,str,0,0.0,41
fancd2_mut,str,0,0.0,41
taf1_mut,str,0,0.0,40
kdm6a_mut,str,0,0.0,39
ctnna3_mut,str,0,0.0,37
brca1_mut,str,0,0.0,37
ptprm_mut,str,0,0.0,35
foxo3_mut,str,0,0.0,36
usp28_mut,str,0,0.0,25
gldc_mut,str,0,0.0,31
brca2_mut,str,0,0.0,33
cacna2d3_mut,str,0,0.0,30
arid2_mut,str,0,0.0,34
aff2_mut,str,0,0.0,30
lifr_mut,str,0,0.0,32
sbno1_mut,str,0,0.0,29
kdm3a_mut,str,0,0.0,28
ncoa3_mut,str,0,0.0,28
bap1_mut,str,0,0.0,31
l1cam_mut,str,0,0.0,31
pbrm1_mut,str,0,0.0,27
chd1_mut,str,0,0.0,26
jak1_mut,str,0,0.0,24
setdb1_mut,str,0,0.0,29
fam20c_mut,str,0,0.0,25
arid5b_mut,str,0,0.0,28
egfr_mut,str,0,0.0,26
map3k10_mut,str,0,0.0,26
smarcc2_mut,str,0,0.0,25
erbb4_mut,str,0,0.0,27
npnt_mut,str,0,0.0,23
nek1_mut,str,0,0.0,25
agmo_mut,str,0,0.0,23
zfp36l1_mut,str,0,0.0,25
smad4_mut,str,0,0.0,22
sik1_mut,str,0,0.0,23
casp8_mut,str,0,0.0,22
prkcq_mut,str,0,0.0,22
smarcc1_mut,str,0,0.0,22
palld_mut,str,0,0.0,22
dcaf4l2_mut,str,0,0.0,20
bcas3_mut,str,0,0.0,21
cdkn1b_mut,str,0,0.0,20
gps2_mut,str,0,0.0,17
men1_mut,str,0,0.0,21
stk11_mut,str,0,0.0,22
sik2_mut,str,0,0.0,20
ptpn22_mut,str,0,0.0,19
brip1_mut,str,0,0.0,21
flt3_mut,str,0,0.0,19
nrg3_mut,str,0,0.0,20
fbxw7_mut,str,0,0.0,16
ttyh1_mut,str,0,0.0,18
taf4b_mut,str,0,0.0,17
or6a2_mut,str,0,0.0,12
map3k13_mut,str,0,0.0,19
hdac9_mut,str,0,0.0,19
prkacg_mut,str,0,0.0,17
rpgr_mut,str,0,0.0,17
large1_mut,str,0,0.0,15
foxp1_mut,str,0,0.0,17
clk3_mut,str,0,0.0,15
prkcz_mut,str,0,0.0,14
lipi_mut,str,0,0.0,12
ppp2r2a_mut,str,0,0.0,13
prkce_mut,str,0,0.0,14
gh1_mut,str,0,0.0,13
gpr32_mut,str,0,0.0,11
kras_mut,str,0,0.0,8
nf2_mut,str,0,0.0,13
chek2_mut,str,0,0.0,13
ldlrap1_mut,str,0,0.0,10
clrn2_mut,str,0,0.0,11
acvrl1_mut,str,0,0.0,11
agtr2_mut,str,0,0.0,6
cdkn2a_mut,str,0,0.0,10
ctnna1_mut,str,0,0.0,12
magea8_mut,str,0,0.0,9
prr16_mut,str,0,0.0,12
dtwd2_mut,str,0,0.0,11
akt2_mut,str,0,0.0,10
braf_mut,str,0,0.0,11
foxo1_mut,str,0,0.0,11
nt5e_mut,str,0,0.0,10
ccnd3_mut,str,0,0.0,10
nr3c1_mut,str,0,0.0,10
prkg1_mut,str,0,0.0,9
tbl1xr1_mut,str,0,0.0,9
frmd3_mut,str,0,0.0,9
smad2_mut,str,0,0.0,7
sgcd_mut,str,0,0.0,7
spaca1_mut,str,0,0.0,8
rasgef1b_mut,object,0,0.0,9
hist1h2bc_mut,str,0,0.0,5
nr2f1_mut,str,0,0.0,6
klrg1_mut,str,0,0.0,6
mbl2_mut,str,0,0.0,5
mtap_mut,str,0,0.0,5
ppp2cb_mut,str,0,0.0,5
smarcd1_mut,str,0,0.0,5
nras_mut,str,0,0.0,4
ndfip1_mut,str,0,0.0,4
hras_mut,object,0,0.0,4
prps2_mut,str,0,0.0,3
smarcb1_mut,object,0,0.0,4
stmn2_mut,str,0,0.0,3
siah1_mut,object,0,0.0,3
