gene,f_score,p_value,q_value,significant
gata3,383.68831965343696,2.464380227976521e-254,1.2050819314805187e-251,True
ccne1,207.77002181008902,1.28867950390173e-163,3.15082138703973e-161,True
mapt,203.30881180631926,6.7208732963184045e-161,1.0955023472999e-158,True
chek1,173.97048502187536,2.3177070914933777e-142,2.833396919350654e-140,True
aurka,171.25335639743898,1.3923152815083937e-140,1.361684345315209e-138,True
erbb3,164.9092415651741,2.1871451679949428e-136,1.7825233119158782e-134,True
bcl2,156.45421451214511,1.0683660245630158e-130,7.463299800161639e-129,True
cdc25a,154.67879792221308,1.728417011197827e-129,1.0564948980946719e-127,True
egfr,154.1015759155327,4.2833772909212e-129,2.3273016614005185e-127,True
cdk6,153.44064317235078,1.21267506024937e-128,5.9299810446194205e-127,True
e2f2,143.74384459718132,6.268007091964809e-122,2.786414061791629e-120,True
ttyh1,141.84999272420154,1.3387128705062163e-120,5.455254947312832e-119,True
cdk1,138.43464129861718,3.466963068466279e-118,1.304111492676931e-116,True
e2f3,134.511324657577,2.1736746671548015e-115,7.592335087419272e-114,True
igf1r,134.06506636560633,4.540315517605803e-115,1.4801428587394918e-113,True
aph1b,132.33735599443142,7.92325568872716e-114,2.4215450198672384e-112,True
ar,129.1480410901609,1.604529646939087e-111,4.615382337371844e-110,True
notch1,127.01033810698746,5.776004838944683e-110,1.569147981246639e-108,True
srd5a1,117.76489964509989,3.893089354928127e-103,1.00195826029466e-101,True
cdkn2a,113.71218728010594,4.315335553949904e-100,1.0550995429407515e-98,True
mmp7,110.99050418051019,4.9866829663921507e-98,1.161184747888458e-96,True
fancd2,108.43595920380956,4.439513160883561e-96,9.86782698032755e-95,True
npnt,107.7780438645483,1.4175936070524744e-95,3.013927277602869e-94,True
tgfb3,107.38573407001758,2.8354912689958738e-95,5.777313460579093e-94,True
hsd17b4,106.87815936456077,6.96028683898588e-95,1.3614321057056383e-93,True
map2,105.92053021603272,3.800619096982907e-94,7.14808745547939e-93,True
plagl1,98.07351817636294,4.9221626310904194e-88,8.91458343186376e-87,True
abcb1,94.46252788069134,3.5357552834799657e-85,6.17494404864894e-84,True
e2f4,93.60777192977199,1.6932019277978116e-84,2.8550887679073446e-83,True
cyb5a,93.33617508436267,2.7872827474796032e-84,4.543270878391753e-83,True
folr2,92.50125399098226,1.293146841591239e-83,2.0398348565745674e-82,True
klrg1,91.25078100601634,1.2962036325842037e-82,1.9807611760427364e-81,True
ccnb1,90.81519254887047,2.89851193181223e-82,4.295067680776304e-81,True
ahnak,90.2455148552174,8.315653811761268e-82,1.1959866805739e-80,True
erbb2,89.74805280272226,2.0901641459164797e-81,2.92025790672331e-80,True
acvrl1,86.9134721573467,4.088165834163162e-79,5.553091924738295e-78,True
nrip1,86.77572290104806,5.288548704645897e-79,6.989460315059037e-78,True
lama2,85.83497383798208,3.0765442926971936e-78,3.95902673454981e-77,True
kit,85.7649201970593,3.5082375295830756e-78,4.398790133246472e-77,True
mapk1,85.3392166697634,7.795845953432285e-78,9.530421678070969e-77,True
e2f7,84.30641061491842,5.4310576004980546e-77,6.477529674740364e-76,True
tgfbr2,82.46425972644462,1.756149770303585e-75,2.0446600897106026e-74,True
bmpr1b,81.1813829010691,1.9975711506935543e-74,2.271656494625926e-73,True
frmd3,79.81958109558592,2.6642138221955116e-73,2.9609103614854665e-72,True
adgra2,79.64292756384971,3.731030817974045e-73,4.0543868221984624e-72,True
foxo1,79.62573010508217,3.855416500387623e-73,4.098475366716408e-72,True
spry2,79.36047163169742,6.39496861190052e-73,6.653488619615648e-72,True
hsd17b8,77.66767112131878,1.6300511941472262e-71,1.6606146540374868e-70,True
ccnd2,75.60043197875233,8.68542258111826e-70,8.667697228911896e-69,True
ccnd1,75.05715406957628,2.4787100349907724e-69,2.4241784142209756e-68,True
msh6,73.60120412565587,4.151779762246058e-68,3.9808241249771026e-67,True
nras,73.24700133023565,8.256165257802245e-68,7.763970790510189e-67,True
cyp21a2,72.60356887350183,2.883201225880458e-67,2.660161131048196e-66,True
mmp12,70.42078459370626,2.040491987891998e-65,1.8477788557021984e-64,True
hsd17b2,69.05955058538268,2.9459099003035992e-64,2.619181711360836e-63,True
acvr1b,68.82890230240479,4.6358847508383844e-64,4.048120791357089e-63,True
cbfb,67.0582637789669,1.5210880951105482e-62,1.304933471068523e-61,True
rab25,66.99114403939768,1.7368991849716848e-62,1.464385692157162e-61,True
rad51,66.66869876281794,3.2865453054437762e-62,2.7239333124779772e-61,True
csf1r,66.48195729628218,4.7561930064541946e-62,3.8762973002601685e-61,True
folr1,66.44688283615676,5.0982196728167855e-62,4.086933475421981e-61,True
bmp2,64.62188728847651,1.909335513787537e-60,1.5059113971646863e-59,True
chek2,63.26816054603465,2.8406206707321815e-59,2.2048627110921218e-58,True
lamb3,62.88749072392848,6.080803245503005e-59,4.64611372976714e-58,True
maml2,62.62267438222189,1.0330587746062872e-58,7.771780627422684e-58,True
mmp15,59.88176004187595,2.55167079703388e-56,1.890556090529647e-55,True
lfng,59.363730861177636,7.264287704424638e-56,5.301845802184549e-55,True
dab2,58.74495593830684,2.539965754218195e-55,1.8265341967833786e-54,True
slc19a1,58.50701090017829,4.112823628806326e-55,2.9147402238931787e-54,True
cxcl8,58.02312242899625,1.0971088888865794e-54,7.664089238079105e-54,True
tbx3,57.642760957477485,2.3747479867943985e-54,1.6355658669612125e-53,True
mmp9,55.07957625255626,4.419397802863981e-52,3.00150767444512e-51,True
ctnna1,54.57455795043809,1.2433126721658956e-51,8.225760490650438e-51,True
gsk3b,54.57397540741259,1.2447981110595754e-51,8.225760490650438e-51,True
mtap,54.101780025725496,3.2788637733177145e-51,2.13781918020315e-50,True
pdgfra,54.02833017102629,3.8124468679613445e-51,2.4530085768856547e-50,True
abcc10,53.681447223789746,7.773923937837529e-51,4.931671706694247e-50,True
hsd17b11,53.675688620205456,7.86647020699696e-51,4.931671706694247e-50,True
nt5e,53.60344327540795,9.125717681777372e-51,5.6487037296065e-50,True
tp53bp1,53.12772418809056,2.427962158733392e-50,1.4840918695257857e-49,True
met,52.808711697009834,4.683372601503699e-50,2.8273693853522328e-49,True
runx1,52.76873344561895,5.085493707515893e-50,3.0326907597259416e-49,True
rbl1,52.329133608944154,1.2588818218753134e-49,7.41678567345817e-49,True
arrdc1,52.18946020060335,1.679445418802703e-49,9.776771545172878e-49,True
dtx3,51.573410179154095,5.996646724935959e-49,3.4498355864631574e-48,True
nr2f1,51.0814113668758,1.6598446916718386e-48,9.437954118924756e-48,True
hes6,50.93163619002068,2.263587963828304e-48,1.2722925451862536e-47,True
cdk2,50.322325895415894,8.007802951611342e-48,4.44979050379312e-47,True
rps6ka2,50.00198886599151,1.5573579367614689e-47,8.556719450296161e-47,True
mmp1,49.06222610797866,1.100081379937983e-46,5.9771088309963745e-46,True
ccna1,48.92543318853404,1.462875432265119e-46,7.860946004149925e-46,True
myc,48.778165128294205,1.9884946635313215e-46,1.0569281418117567e-45,True
map3k5,48.42007154378564,4.19697378264738e-46,2.206795892166203e-45,True
bcl2l1,48.098111538463755,8.220630463537345e-46,4.2764769113508107e-45,True
tgfbr3,47.84079836887277,1.4074988620949502e-45,7.24491519541506e-45,True
pdgfrb,47.817015306232236,1.4792548265729493e-45,7.534954272855961e-45,True
brca1,47.56968442238948,2.4814653021915515e-45,1.250965497702751e-44,True
rpgr,47.353494383023104,3.9013982991657865e-45,1.9467181309102753e-44,True
rbpj,47.318800265911875,4.195349375832917e-45,2.0722483280629255e-44,True
pik3r1,47.00969149482497,8.01654452178314e-45,3.9200902711519556e-44,True
vegfa,46.81889490466763,1.195904817633091e-44,5.790073820025558e-44,True
stat5b,46.39155614069177,2.931689663199697e-44,1.4054865150045607e-43,True
map2k3,46.1929266433458,4.449281988838044e-44,2.112329021885246e-43,True
igf1,45.61092808720762,1.512676749628942e-43,7.1124897170053134e-43,True
eif4ebp1,45.60504600807445,1.5315177587049745e-43,7.1324969905403095e-43,True
stat1,45.10061172743724,4.43091900100352e-43,2.044074897632756e-42,True
e2f8,44.61750982592507,1.227427161371215e-42,5.609456840285272e-42,True
dll3,44.29606491364157,2.4197714953818544e-42,1.0956187604090063e-41,True
dtx2,43.932269020064254,5.22067112818257e-42,2.342117597872731e-41,True
jak2,43.698909251139206,8.553231996454339e-42,3.8023004056965197e-41,True
fam20c,43.4492950173998,1.4508776702257822e-41,6.391704330994661e-41,True
ptpn22,43.19307319459821,2.496785781749596e-41,1.090114506496029e-40,True
pten,42.97307190752218,3.9805811877826476e-41,1.7225700892262963e-40,True
hdac2,42.52449416757944,1.0312814966027402e-40,4.423654840690702e-40,True
cdkn2c,41.74498881155385,5.408783310253911e-40,2.299908729316663e-39,True
serpini1,41.368493441443356,1.2058918345897794e-39,5.0834578199517426e-39,True
rps6kb2,41.32071066572031,1.3351453691085432e-39,5.580222952940835e-39,True
ncoa3,41.04157994079565,2.4208690901807472e-39,1.0032245636426994e-38,True
bmp6,40.80096562071853,4.045027185031796e-39,1.6622002466223095e-38,True
rheb,40.38790879885811,9.772817786423453e-39,3.9824232479675566e-38,True
fas,39.97718555874727,2.3518604974578026e-38,9.504626307907978e-38,True
sox9,39.88169770070177,2.884998711770607e-38,1.1563642377506776e-37,True
akt1,39.63534400142477,4.888648797754384e-38,1.943535985448694e-37,True
cyp11a1,39.59223031783986,5.361544914053809e-38,2.1143511798163812e-37,True
mapk3,39.418811658488266,7.773950465796861e-38,3.041169422219732e-37,True
hla-g,39.291890874282586,1.0204288177316838e-37,3.960235649768202e-37,True
bmp4,39.21287622657347,1.2087973072942165e-37,4.654345537534424e-37,True
muc16,38.95698872839003,2.092796661977854e-37,7.99513724771227e-37,True
adam17,38.91560663334412,2.287143531340648e-37,8.66986966531455e-37,True
casp3,38.34927133523215,7.718980060677022e-37,2.9035240382085107e-36,True
arid5b,38.298897396999074,8.60180849455771e-37,3.210904086899786e-36,True
smad4,37.41063648023355,5.8211760262738546e-36,2.156481118824178e-35,True
rad51c,37.37687489057662,6.260600441821395e-36,2.3018297865042574e-35,True
col22a1,37.054695024431524,1.254218972787754e-35,4.576963266367251e-35,True
sdc4,36.94290897446549,1.5963900421151408e-35,5.782479485883733e-35,True
nr3c1,36.68110752884089,2.8095117497624274e-35,1.0101847394366377e-34,True
rdh5,36.58393723265563,3.4657303601765473e-35,1.2370380628659355e-34,True
e2f5,35.44836760256615,4.0463176868650955e-34,1.433803875997849e-33,True
prkcq,35.26235462357835,6.056414394158767e-34,2.1306378695997387e-33,True
cdk4,35.12824311645278,8.101341457559933e-34,2.8296828376762907e-33,True
ccnd3,34.62975801200655,2.3910295390601607e-33,8.292293933336302e-33,True
map2k4,34.62443202325552,2.418858655274318e-33,8.329731566402405e-33,True
mlh1,34.215498006219526,5.884424950794558e-33,2.0122264342227544e-32,True
arid2,34.17076824255853,6.485787314729927e-33,2.2024652756270377e-32,True
map3k1,34.090261449997776,7.727436284765878e-33,2.606011271207251e-32,True
taf4b,33.948310978051644,1.0524707995411066e-32,3.525056308052063e-32,True
cul1,33.93641507276975,1.0800821096572466e-32,3.592926201512882e-32,True
tubb4b,33.81715718745555,1.400320436084563e-32,4.626734413819941e-32,True
rps6kb1,33.75216104544797,1.6132587820920148e-32,5.294520432503324e-32,True
bmp7,33.721931157314444,1.7230617329112637e-32,5.61718124929072e-32,True
src,33.4240649845229,3.2976639163154813e-32,1.0679189768730266e-31,True
prkd1,33.05858144821888,7.318638974326373e-32,2.354483196345787e-31,True
map2k1,32.45399677539534,2.7411846160932327e-31,8.761041027905822e-31,True
braf,32.450923399018116,2.7596637780876444e-31,8.762828490161415e-31,True
bard1,32.394242335478246,3.1237345642623257e-31,9.854878722092112e-31,True
bad,32.28316273171978,3.9826082045679205e-31,1.2483944948934059e-30,True
mmp2,32.22487545044692,4.524147447633251e-31,1.4091134406959617e-30,True
psenen,31.998848007678408,7.418799919917406e-31,2.2960716207845642e-30,True
hsd17b10,31.88581564318091,9.501686746161983e-31,2.922216867215855e-30,True
hsd17b7,31.86854516199512,9.867879497958367e-31,3.015870671563526e-30,True
ppp2r2a,31.834677973618753,1.0627513763636336e-30,3.2278597704460674e-30,True
stab2,31.77461882662649,1.2121480213455841e-30,3.658891249617226e-30,True
dll1,31.634087747930568,1.64913481690152e-30,4.94740445070456e-30,True
psen2,31.519568699034824,2.1195693983200892e-30,6.319935584015388e-30,True
chd1,31.26031280285063,3.742122809811968e-30,1.1090291236351834e-29,True
stat5a,30.72651428547744,1.207741600488967e-29,3.5577448351753305e-29,True
cdk8,30.573135358091868,1.691705991575721e-29,4.95355826275765e-29,True
mlst8,29.692305499745373,1.174865630990237e-28,3.4196981759180113e-28,True
jag1,29.643405977501732,1.3084972137484292e-28,3.7861250741004845e-28,True
nfkb1,29.62423795640463,1.3649398105759148e-28,3.9262092198330727e-28,True
tsc2,29.348439931249647,2.50676451565094e-28,7.168466948264969e-28,True
col6a3,29.221827250285806,3.3141812633235997e-28,9.422294405611862e-28,True
smarcb1,29.1451711087273,3.9247640221400094e-28,1.1093697149285922e-27,True
mmp28,29.070142712310872,4.631335057919665e-28,1.3015648524843197e-27,True
ddc,29.032037719998954,5.037606202568442e-28,1.4076511046034102e-27,True
twist1,28.476380838449913,1.718564155955572e-27,4.77487427421747e-27,True
heyl,28.36655432089921,2.19076978009286e-27,6.0524656636463765e-27,True
prkcz,28.184451645405897,3.277023144490379e-27,9.002608526156153e-27,True
map2k5,27.70798926460497,9.40704240160162e-27,2.569856834850945e-26,True
smarcc2,27.572815056480167,1.2690754675884831e-26,3.447655020282046e-26,True
hras,27.464495941906055,1.6133231920634022e-26,4.358646634911623e-26,True
lifr,26.244302509514455,2.4207057939315004e-25,6.503984248530241e-25,True
hes1,25.061709392724765,3.368624866169067e-24,9.001407429271441e-24,True
ran,24.949379124133763,4.3276154789687896e-24,1.1501108528346404e-23,True
ldlrap1,24.674868498767406,7.984557314860261e-24,2.11051271727928e-23,True
mdc1,24.639230803726107,8.645642597119162e-24,2.2729673279522958e-23,True
hif1a,24.570547033268276,1.0078281907532514e-23,2.6354437715419246e-23,True
jak1,24.37182059632911,1.5707837744205358e-23,4.085708860061925e-23,True
sptbn1,24.18049598899331,2.4085572798589603e-23,6.231664073285882e-23,True
ptprm,24.108740483595927,2.8275036294660716e-23,7.277101446362679e-23,True
pde4dip,23.988394258088913,3.700318698969667e-23,9.473590805215534e-23,True
rb1,23.959521029296877,3.9470741147846886e-23,1.0052704386092253e-22,True
foxo3,23.937118762640644,4.149821629911061e-23,1.0514314906873104e-22,True
ptk2,23.911511106549924,4.394380762613448e-23,1.1076557695453485e-22,True
large1,23.87304729779358,4.789098702842426e-23,1.200958597789716e-22,True
pik3r2,23.79768948524657,5.668282701377092e-23,1.4141786943741828e-22,True
dnah5,23.64288583578055,8.014190114754229e-23,1.9893091198552374e-22,True
myh9,23.634814255040922,8.160252126474885e-23,2.0153349948718276e-22,True
notch3,23.513961921165986,1.06946286174839e-22,2.627976579874185e-22,True
mapk9,23.422530541535636,1.3123656475264331e-22,3.2087340082021294e-22,True
akr1c3,23.343876400138893,1.5650837729667174e-22,3.8075918655757454e-22,True
atr,22.948015566510637,3.799155211672199e-22,9.196964844097552e-22,True
foxp1,22.829812637896936,4.95178029260904e-22,1.1928180113723255e-21,True
hey2,22.327998822129043,1.5263226444963468e-21,3.658685162542713e-21,True
st7,22.240233781017853,1.8586962565557557e-21,4.433670582711046e-21,True
nfkb2,22.012214269203625,3.101592045014027e-21,7.36251703889252e-21,True
akr1c4,21.90292154670974,3.964727373984117e-21,9.365950173324797e-21,True
mapk4,21.747388243149537,5.623422654565934e-21,1.3220450375397798e-20,True
diras3,21.714809167980512,6.050647737201654e-21,1.4156778676993344e-20,True
mecom,21.37900493896168,1.287425502808041e-20,2.99786224225301e-20,True
akr1c2,21.116352844010112,2.3247531542987985e-20,5.3876980684934243e-20,True
smad1,20.963851315197495,3.2769023715289055e-20,7.5585153758379e-20,True
tsc1,20.689583254156883,6.077333557974078e-20,1.3952188309151759e-19,True
mmp11,20.6633060867452,6.447952862667072e-20,1.4733873597402793e-19,True
stat3,20.57856927306487,7.804327973566057e-20,1.7750308739878145e-19,True
msh2,20.567379439281435,8.0036059771152e-20,1.81192746426358e-19,True
ncor1,20.54548801680828,8.40831616055248e-20,1.8947772361797983e-19,True
bcas3,20.506817973038853,9.173913331481923e-20,2.0578181738966334e-19,True
cdkn1b,20.364961709864325,1.2630274370132348e-19,2.8201845511391406e-19,True
numb,20.33921862689678,1.3384932894589907e-19,2.9751055388429385e-19,True
srd5a3,20.318866935470492,1.401335738056403e-19,3.100693103663263e-19,True
dtwd2,20.270710762697956,1.562048268023306e-19,3.440727941727012e-19,True
prkci,20.061969958812128,2.5011385723626146e-19,5.484559470337751e-19,True
nek1,19.86425638860408,3.907160484320166e-19,8.52947087871679e-19,True
jag2,19.47055253442855,9.502735576681195e-19,2.0652611986653798e-18,True
cdh1,19.322017329510498,1.3290779244161593e-18,2.8757482523871767e-18,True
tulp4,19.30213593758141,1.3901311588179313e-18,2.9945997209778342e-18,True
mmp3,19.227626510071456,1.6449871685916461e-18,3.528064585268925e-18,True
acvr2a,19.21592677949028,1.689051699116702e-18,3.606752318201167e-18,True
prps2,18.993180105299487,2.7942376789973857e-18,5.9407922827379205e-18,True
ugt2b7,18.906187894919963,3.401489246005818e-18,7.2005551571292e-18,True
kdm5a,18.882463784384754,3.588913416003504e-18,7.564563191490144e-18,True
pms2,18.854959256479304,3.819178985373867e-18,8.015358471449875e-18,True
pdgfb,18.76344560131254,4.697192216654804e-18,9.81592732454786e-18,True
cacna2d3,18.718764850778214,5.196623992716181e-18,1.0813400563566862e-17,True
smad3,18.56434400668811,7.369068825450861e-18,1.526896040527742e-17,True
hes4,18.410425601164896,1.0438850700579377e-17,2.153838815435998e-17,True
akt1s1,18.2185840857513,1.611440144868253e-17,3.310900129582251e-17,True
map3k13,18.193667238904784,1.7049423177265982e-17,3.4883547839678096e-17,True
siah1,17.84533802465277,3.7519695995266025e-17,7.644638059035452e-17,True
sik1,17.690937121842115,5.3230810628368146e-17,1.0800774438702085e-16,True
rps6ka1,17.528316896994706,7.694761281217108e-17,1.5548505233533743e-16,True
kmt2c,17.512467641352085,7.976170508740213e-17,1.605081225832907e-16,True
rps6,17.27725277847977,1.3593960093535947e-16,2.724363313827491e-16,True
stat2,17.05939957752571,2.2278322558340076e-16,4.44657131878706e-16,True
ubr5,16.986492058657284,2.6284274728976723e-16,5.224800952223422e-16,True
map2k2,16.719258215916778,4.819328154330236e-16,9.541099058572816e-16,True
sgcd,16.67324118386486,5.349766791969667e-16,1.054853210190793e-15,True
mapk7,16.178220092826457,1.645684305659997e-15,3.231886046055175e-15,True
pdpk1,16.09787139879314,1.9750952318118054e-15,3.863286273423891e-15,True
setdb1,15.858728223627963,3.4000373897020437e-15,6.6239772253557744e-15,True
thada,15.808895044959538,3.807578937532046e-15,7.388516271639565e-15,True
shank2,15.720866975433806,4.650549289669282e-15,8.988611077661181e-15,True
ackr3,15.544807486989518,6.938171784324069e-15,1.335734646667114e-14,True
fbxw7,15.436846789770488,8.867496940393035e-15,1.7004729426871348e-14,True
l1cam,15.3161200377524,1.1667340585722925e-14,2.2286443540697308e-14,True
hist1h2bc,15.272740258578716,1.2876455018945748e-14,2.4500336592468757e-14,True
arid1a,15.207535627421468,1.4933783211767072e-14,2.8304728645558523e-14,True
rbl2,15.18872406163254,1.558627861175472e-14,2.94273754484481e-14,True
epcam,15.184653940274877,1.57311654392819e-14,2.958669192234173e-14,True
prkce,15.13723677131246,1.7521749343802175e-14,3.282810509241097e-14,True
dtx1,15.087177091618805,1.963385017602822e-14,3.664485777128931e-14,True
sbno1,14.987886876253906,2.460650658047125e-14,4.5751261284602436e-14,True
syne1,14.973629941063331,2.5417263425018516e-14,4.707970384406839e-14,True
palb2,14.970152566592356,2.5619034106871757e-14,4.727436859720864e-14,True
nrarp,14.874351383801391,3.1854610914288894e-14,5.855979224468898e-14,True
map3k4,14.834322792915298,3.4890360689976795e-14,6.390032351085637e-14,True
setd2,14.789565006215081,3.862877672005602e-14,7.04831037914455e-14,True
flt3,14.64093314360768,5.41652940741292e-14,9.846404759200439e-14,True
bmpr2,14.62541855552959,5.6110818027500516e-14,1.0162292598313982e-13,True
pdgfa,14.613853203871365,5.76064509372278e-14,1.0394669560259923e-13,True
ncstn,14.608739983019916,5.828034459675786e-14,1.0477606069049482e-13,True
spen,14.548738696320893,6.680280917710577e-14,1.1965777907547518e-13,True
afdn,14.504686010328031,7.384383241375923e-14,1.3178698558513965e-13,True
fgf1,14.461767654554807,8.141690051068693e-14,1.4477405218082149e-13,True
map3k3,14.333261618564798,1.0906307339142349e-13,1.9323131481306553e-13,True
raf1,14.179941271247309,1.5458681535239055e-13,2.728987462358086e-13,True
casp6,14.139563491721898,1.6946188141257074e-13,2.9808223025448597e-13,True
palld,14.11132069554253,1.807094833029419e-13,3.167273739610702e-13,True
pik3r3,14.08862965277768,1.902848007813154e-13,3.3231881279308297e-13,True
ctbp2,13.993738931617543,2.3614453711340205e-13,4.109419168984114e-13,True
fgf2,13.931895617234767,2.7182918129022554e-13,4.71363367556455e-13,True
opcml,13.911549035374888,2.847111970945643e-13,4.919568034602189e-13,True
dnah11,13.74581289604774,4.1515386477211253e-13,7.148247882871937e-13,True
psen1,13.71985380218249,4.404198106277506e-13,7.556676750770879e-13,True
snw1,13.644241685768641,5.231219928522435e-13,8.944288619047101e-13,True
gldc,13.577754654671187,6.08585702117953e-13,1.0369282520406935e-12,True
alk,13.438993734570193,8.346121581903539e-13,1.4171018935940385e-12,True
eif5a2,13.380295419175878,9.539135966060793e-13,1.6140614143265494e-12,True
zfp36l1,13.24718468593408,1.2915019951347541e-12,2.1777395711065337e-12,True
smad7,13.236463725038252,1.3234070391766953e-12,2.223869560678364e-12,True
eif4e,13.19737260690187,1.4465643101122352e-12,2.4224998207016542e-12,True
abcc1,13.155822437945476,1.5900594190914805e-12,2.65371691445643e-12,True
smarcc1,13.05171553966404,2.0152670189239174e-12,3.351923715148965e-12,True
tubb4a,13.022181254209444,2.1554118165902933e-12,3.5728690790259435e-12,True
casp10,12.898108864260182,2.8588380972028606e-12,4.7228778024736446e-12,True
cyp3a5,12.808952917536661,3.502117729565755e-12,5.766113029487051e-12,True
mdm2,12.736550036941749,4.129615752255463e-12,6.776450009573562e-12,True
tgfbr1,12.662285083701784,4.890230097511388e-12,7.997734172853073e-12,True
peg3,12.558196245531954,6.1977308339390935e-12,1.0102301259320723e-11,True
ncor2,12.488259558118475,7.267285254630193e-12,1.1806320563169982e-11,True
casp9,12.354124412504891,9.862249053004095e-12,1.5969005916950342e-11,True
nf1,12.22270596082817,1.3301169061638593e-11,2.1408747830767e-11,True
kras,12.222436695054236,1.3309323804812205e-11,2.1408747830767e-11,True
kdm6a,12.055769251623111,1.9449437296578936e-11,3.1182868321400326e-11,True
mapk6,11.924305962712626,2.623315179013472e-11,4.192160531168588e-11,True
mmp27,11.829571003805663,3.254503661228752e-11,5.1838836818920515e-11,True
folr3,11.826462315584656,3.277609803345775e-11,5.203737642324948e-11,True
vegfb,11.69003363578129,4.4708624491756154e-11,7.061015880457899e-11,True
tgfb2,11.68949864464665,4.476308635873106e-11,7.061015880457899e-11,True
acvr1,11.282251277610984,1.1306419583142501e-10,1.7777617929764254e-10,True
aph1a,11.249260565593607,1.2187569885676479e-10,1.9101672032358328e-10,True
pik3ca,11.244022809326426,1.2333645946924327e-10,1.9268859003341842e-10,True
itgav,11.166229867430712,1.4721073649636427e-10,2.292549367730004e-10,True
hsd3b7,11.15426726206936,1.5127118791362988e-10,2.348305107611588e-10,True
wfdc2,11.104864430608163,1.6926024630228816e-10,2.619248748158826e-10,True
bmp5,11.024736821969706,2.030939253726297e-10,3.1328999844547607e-10,True
setd1a,10.996096043747947,2.167622114829374e-10,3.3332302331810186e-10,True
rfng,10.971835552434229,2.2905686326577022e-10,3.511247841284064e-10,True
mmp19,10.939739641789176,2.4639972041594135e-10,3.7652957276061044e-10,True
col12a1,10.731019235550805,3.9603433088140047e-10,6.03304634894096e-10,True
asxl1,10.647381379953988,4.789613317924229e-10,7.273667430015367e-10,True
map4,10.584846302976803,5.521135237235669e-10,8.358622696619945e-10,True
mmp10,10.464281900848526,7.26137667898306e-10,1.0959299987724435e-09,True
mapk12,10.419840741169688,8.03292766365568e-10,1.2086466546238854e-09,True
dtx4,10.330599511446339,9.838464340699932e-10,1.4757696511049897e-09,True
terc,10.2128219023674,1.2856266209816203e-09,1.9225425616514137e-09,True
casp8,10.205999263346298,1.3057035067362928e-09,1.946612849981851e-09,True
ncoa2,10.194864799358253,1.3391437084464255e-09,1.9903990073869365e-09,True
dlec1,10.179558777107609,1.3865133876994374e-09,2.0545607472273483e-09,True
stmn2,10.077678815465022,1.7474303323793896e-09,2.5815511556903975e-09,True
ros1,9.706602189044714,4.056660525293032e-09,5.9750210749044965e-09,True
rptor,9.68801399919974,4.2313826635693375e-09,6.213652019475693e-09,True
gdf11,9.49947894459306,6.489052878233955e-09,9.500439692983245e-09,True
hes2,9.355059054472589,9.002475534331545e-09,1.3140926973994406e-08,True
sik2,9.312916369692372,9.9046613339054e-09,1.4414819619880182e-08,True
slc29a1,9.291487021707827,1.0397495882807276e-08,1.5087167616298984e-08,True
hsd17b12,9.238025770073575,1.1736403780649319e-08,1.6979590085022238e-08,True
tnk2,9.132100937023276,1.4918977674707028e-08,2.152029522988713e-08,True
tbl1xr1,8.556234315334343,5.489765664277727e-08,7.895574734799437e-08,True
cyp2c8,8.40462957008458,7.731998208386892e-08,1.1087821477716099e-07,True
csf1,8.342771320624347,8.891004612448101e-08,1.271257677043018e-07,True
ahnak2,8.306764996944931,9.64386286833721e-08,1.3748830736492408e-07,True
notch2,8.285765701929982,1.0111968068313427e-07,1.4374280190131586e-07,True
apaf1,8.185094423361289,1.2690825131377883e-07,1.798786518621387e-07,True
usp9x,8.14394089859001,1.3925298343327485e-07,1.9680551704876127e-07,True
prr16,8.09291531776573,1.5623493475069795e-07,2.2016969191092592e-07,True
hsd17b6,7.973966478282405,2.0427838601045056e-07,2.8704635275606417e-07,True
fn1,7.958042613924926,2.1174116142491e-07,2.9668030927444406e-07,True
rassf1,7.857647837681999,2.65471702513126e-07,3.7090189293976744e-07,True
dnah2,7.832242703622845,2.8110095891946673e-07,3.9161928464848785e-07,True
maml3,7.540167398829808,5.422674933834583e-07,7.533204666605428e-07,True
smad9,7.47705465303643,6.248901531959879e-07,8.656410337474167e-07,True
tubb1,7.472314044162026,6.315807309129134e-07,8.724377893119058e-07,True
bap1,7.379311320467391,7.782820415730313e-07,1.0720561079696122e-06,True
inha,7.346913038034095,8.369937018448798e-07,1.1496907870846803e-06,True
rad51d,7.304258487971765,9.210753221851712e-07,1.2616409875309487e-06,True
men1,7.283841455378814,9.642506629000405e-07,1.3170909892684911e-06,True
akt2,7.2596013461447395,1.0181369350346395e-06,1.3868216190304699e-06,True
utrn,7.254332448798174,1.0302412390037995e-06,1.3994110163134943e-06,True
wwox,7.220702969309415,1.110950315944181e-06,1.5048606772761899e-06,True
casp7,7.092678564562506,1.480186491142839e-06,1.99947843693052e-06,True
bmf,7.061529632791169,1.5871528855778127e-06,2.1380654574312684e-06,True
taf1,7.037769283338835,1.6738952348408344e-06,2.2487218951570552e-06,True
mmp14,7.011202239924939,1.7764883522566005e-06,2.38000768288624e-06,True
erbb4,6.702897575966056,3.5394630409972626e-06,4.728954718709457e-06,True
kdm3a,6.579800960145897,4.658401234016333e-06,6.206970581563997e-06,True
hsd17b13,6.512208754672695,5.416066897724324e-06,7.196893241813028e-06,True
bmpr1a,6.472208568366275,5.92098669853416e-06,7.846510828138765e-06,True
kdr,6.303522408452116,8.619140626621837e-06,1.139124261194075e-05,True
aff2,6.279563724293252,9.090781095506533e-06,1.198218855984554e-05,True
mapk14,6.041662844452611,1.5417194518457648e-05,2.0266150858940295e-05,True
mtor,6.029487485399485,1.5839031176305615e-05,2.0764842480465002e-05,True
hdac1,6.017138809336417,1.6278597273809857e-05,2.128404830720059e-05,True
ugt2b15,5.995964857194863,1.7060723938526797e-05,2.2247184015838946e-05,True
cdkn2b,5.965858489699467,1.8237546558656883e-05,2.3718511348891533e-05,True
srd5a2,5.931053361103282,1.969894612480798e-05,2.555115293111698e-05,True
ppp2cb,5.8981391056318015,2.1187867733654566e-05,2.740970190941027e-05,True
mmp25,5.872274272869836,2.2435961246845415e-05,2.8947717809254374e-05,True
myo3a,5.825500725888926,2.4881417122150356e-05,3.2018455191398745e-05,True
herc2,5.773971066144374,2.788315220027398e-05,3.5787037863343775e-05,True
hey1,5.699733877691798,3.2850802619965965e-05,4.205219264595625e-05,True
smarcd1,5.698552439307499,3.293658442413342e-05,4.205219264595625e-05,True
ptprd,5.689259967791479,3.3619097334317206e-05,4.2811819261669566e-05,True
acvr2b,5.645793706941716,3.700291554458222e-05,4.699850831506677e-05,True
hsd17b1,5.643661134376082,3.717737616105073e-05,4.7097764100398466e-05,True
cir1,5.522721564780502,4.8531358320521834e-05,6.132256904065937e-05,True
adam10,5.517349705717169,4.9108726965732334e-05,6.189218424289462e-05,True
cdkn1a,5.4440962468416245,5.769746007559382e-05,7.252971202304725e-05,True
sf3b1,5.309646297760406,7.752116328059668e-05,9.719961242105585e-05,True
brca2,5.076673604198048,0.00012911686842957776,0.00016147864107944634,True
smad5,5.0606940951221775,0.00013370448370622493,0.00016678952176618365,True
shbg,4.910681250122251,0.00018546772672183424,0.00023077282027220595,True
fgfr1,4.860657167330755,0.0002068082273250701,0.0002566731552333992,True
acvr1c,4.810781345087697,0.00023050417759541632,0.0002853583363143255,True
gh1,4.803786783462563,0.00023403548206221562,0.0002889983604253117,True
birc6,4.3618318262441775,0.0006086633731588134,0.0007497138273920901,True
e2f1,4.317665805052402,0.0006692865501679439,0.0008223143794777,True
mapk8,4.313180200778323,0.00067576750339823,0.0008281962635632443,True
mmp13,4.272296848299514,0.0007377672133962106,0.0009019204183768674,True
asxl2,4.210663005773209,0.0008419947253823671,0.001026771622723136,True
slco1b3,4.181988161661757,0.0008953150338674176,0.0010890772426894707,True
bche,4.1780853168488195,0.000902825218881688,0.0010954876725388224,True
numbl,4.157475916276247,0.0009435261119004281,0.0011420402691072013,True
tert,3.969192574898076,0.0014098069998239693,0.001702211414602274,True
rictor,3.8399761192615296,0.0018545894923145119,0.0022337297087236365,True
cyp3a4,3.7440183436267263,0.002271655745727922,0.002729335773122737,True
smad6,3.723686188211187,0.002371207606155585,0.0028419620573776495,True
nf2,3.677671792854717,0.0026126020886722196,0.0031236245021044385,True
hes5,3.6741568896059458,0.0026320034363788913,0.003139145561925068,True
prkacg,3.6400149455088378,0.0028279725560130657,0.0033646680775921874,True
tp53,3.629319790504411,0.00289225641196316,0.003432799479247537,True
magea8,3.624591996953095,0.0029211281731220144,0.0034586723405730384,True
rasgef1b,3.4804151663871044,0.0039510296128932474,0.004659029620092664,True
myo1a,3.4800574751985556,0.003953982192921177,0.004659029620092664,True
ctcf,3.4590064263488878,0.004131608686612198,0.0048566265570994345,True
ryr2,3.4119696451190675,0.004557208652445166,0.005344064822651525,True
hsd17b3,3.1635644086602444,0.007621387094645781,0.008915928921726763,True
ep300,3.088042823879982,0.008899890284500868,0.010386745463295762,True
cyp3a7,3.0106722654108604,0.010425498182603504,0.012138258598316937,True
maml1,2.961173085378214,0.011531813828002939,0.013394434588820515,True
itgb3,2.917322588225003,0.01260644526642668,0.014607942500669779,True
star,2.7045967893718053,0.019354388824056868,0.0223742225412856,True
e2f6,2.6230927257724943,0.02277152455618223,0.026262442235785638,True
akap9,2.5638660570025293,0.0256113471080577,0.029468114672565215,True
bmp15,2.5158879277359665,0.028158128487016917,0.03232235875622365,True
mmp17,2.3828092289981515,0.03655389830655718,0.04186149009814159,True
nr1i2,2.3579956791589987,0.03836335343596173,0.04383102764061982,True
itch,2.2710762096753276,0.04539698829001377,0.05174621742148423,False
zfyve9,2.203427657254184,0.05169974262154947,0.0587934282370644,False
clk3,2.1493265410903293,0.05732584314356264,0.06504022574756875,False
akt3,2.109903162371283,0.06178325379677919,0.06993521089496534,False
cyp19a1,2.0273133561586074,0.07219555113427517,0.08153262010314218,False
gps2,2.0259761451523457,0.07237689762508788,0.0815490851121382,False
stk11,2.0177062294591313,0.07350789870255521,0.08263301716218276,False
mmp23b,2.0061304501908896,0.07511870299361631,0.08425010496302379,False
hsd3b2,2.0042281791813426,0.07538653470836845,0.08435701481096608,False
inhba,1.9794083150737682,0.07896350506272216,0.08815788578920351,False
spaca1,1.947420084033363,0.08380627973409606,0.09335141410016623,False
abcb11,1.9084871855622185,0.09007145728577211,0.10010214230168764,False
bmp10,1.8062657333151468,0.1086332983319668,0.1204573308034734,False
dll4,1.773417493278747,0.11530367065446093,0.1275644682127407,False
pbrm1,1.6834841420869036,0.13551320595604885,0.149584554655774,False
hsd17b14,1.631356074214688,0.14863743220724898,0.1633380819041662,False
dph1,1.6313424926329934,0.14864099477986498,0.1633380819041662,False
kmt2d,1.5467846965701473,0.17234924772289814,0.1889658792298143,False
akr1c1,1.5432671377926805,0.17340401218185567,0.18969700661505018,False
arl11,1.5406209018713286,0.17420123746723423,0.1901437614318695,False
nrg3,1.5134221118505613,0.18258344076314284,0.198849226131797,False
tg,1.4897772219404457,0.19015440706754927,0.20663445568007022,False
atm,1.4069722454170062,0.21884942020502035,0.23728906093182917,False
map3k10,1.3617322856335898,0.2360321354794421,0.2553533501093964,False
ctbp1,1.2498436909603556,0.2834184236111278,0.3059417420438002,False
ush2a,1.204238581542643,0.30482674045845903,0.32832659930437547,False
arid1b,1.1372990041099824,0.33853444591903875,0.3638315253943076,False
izumo1r,1.113102470681051,0.3513978188995599,0.3768279242146596,False
cyp11b2,1.1116284979040243,0.3521931444700325,0.376854371216293,False
ugt2b17,1.0717137186902925,0.37424352783675474,0.3995744216422993,False
bbc3,1.0050239166320487,0.41328870918484756,0.44030104311849777,False
lipi,0.995781056283785,0.4189158588148221,0.44532577165314785,False
gpr32,0.9466897515091832,0.44966637020542344,0.4769779935584644,False
fanca,0.8794504759794409,0.49406289341793586,0.5229366988774256,False
hdac9,0.8683073306078398,0.501662762911061,0.5298338899859802,False
apc,0.8483353683298607,0.515447848649373,0.5432198232533263,False
agtr2,0.8390893688095726,0.5218990092516484,0.548835732309798,False
cxcr2,0.814225866665307,0.5394561950107812,0.5660817153653905,False
cxcr1,0.7889710358394478,0.5575865997298217,0.5838540626721259,False
cyp3a43,0.7369481104417653,0.5957785115528809,0.622512162712305,False
rbpjl,0.7265374950700232,0.6035422436420329,0.6280777125995765,False
mmp21,0.7263614041351073,0.6036738750957074,0.6280777125995765,False
mmp26,0.7164016105323345,0.6111351968740865,0.6344906821049432,False
inhbc,0.6673584530557466,0.6482786692390297,0.6716276891056896,False
mmp24,0.6398295492046144,0.6693509937954021,0.6919928878772762,False
ctnna3,0.6113992375586216,0.6912092048994303,0.713082913915235,False
smad2,0.6045636061660947,0.6964719431681878,0.7169995372826186,False
bmp3,0.5812106598976664,0.7144512077908706,0.7339635306927221,False
clrn2,0.5353257825793939,0.7496407473110069,0.7671013162513093,False
tgfb1,0.5335262809140003,0.7510134467043099,0.7671013162513093,False
agmo,0.5330007741403142,0.7514141727696875,0.7671013162513093,False
hsd3b1,0.5104558923707931,0.7685367152154688,0.7813345724742475,False
rad50,0.5104356743485359,0.7685520027814173,0.7813345724742475,False
mmp16,0.4671572817426983,0.8009103677932707,0.8125418461637124,False
cyp17a1,0.44575792589333463,0.8165725876389529,0.8265787409813946,False
hes7,0.4436136669992762,0.8181270156134868,0.8265787409813946,False
prkg1,0.441260775019753,0.8198293283084173,0.8265908073047754,False
nbn,0.3643968193168925,0.8730809871701044,0.8784703759797964,False
or6a2,0.35612290356674153,0.8784849108758835,0.8820926517829714,False
gdf2,0.33393353214013327,0.8925942973976276,0.8944233840726227,False
thsd7a,0.03866702662260485,0.9991818166658352,0.9991818166658352,False
