gene,mean_abs_shap_all_classes,rank,Basal,Her2,LumA,LumB,Normal,claudin-low
nrip1,0.15303106153971874,1,0.03398148049645418,0.011530290197998064,0.0378170378933912,0.01359329199174685,0.0375216869113088,0.018587274048819647
cyp3a4,0.1309713683707572,2,0.028107023965324995,0.006603393961838388,0.03372886706257893,0.010196011120045123,0.037021718791506564,0.015314353469463212
bmp15,0.109378697630691,3,0.020209794796791504,0.012293826264768637,0.02255288273131553,0.012906831235109306,0.013105223402656773,0.02831013920004926
hes5,0.10728194215652638,4,0.010470610959386872,0.011391094697975907,0.04046635054512836,0.011074381310907664,0.02491386237740982,0.00896564226571776
gata3,0.10631705853872951,5,0.017857697664748522,0.009062639948600135,0.026350424564660312,0.01354823474152313,0.017847512405094346,0.02165054921410307
fancd2,0.10572703773132888,6,0.014543363008846295,0.012194848088275128,0.037342507353603366,0.01485412966743235,0.018249014026535868,0.00854317558663588
gldc,0.10186119670387886,7,0.01848979274616257,0.008391253844651666,0.012986357406406556,0.019011263624208328,0.013576310552475193,0.029406218529974538
pdpk1,0.10080662664551737,8,0.01857648823768178,0.0048198086334659065,0.03363400333335595,0.008409775243496459,0.026836614937975244,0.008529936259542025
mmp7,0.09980241204945278,9,0.011099134478919663,0.011284381080464995,0.017509354282610495,0.018808582046049183,0.02385565360204086,0.017245306559367596
acvr2a,0.09765422110549098,10,0.008465155723193798,0.007255191560837494,0.03624556392336673,0.00864828506350941,0.0267849437905392,0.010255081044044337
cyp21a2,0.09683358624598079,11,0.006304878380636895,0.007300351187699469,0.0388736719602988,0.01227297383344387,0.023918461965451086,0.008163248918450675
arid2,0.09641514355316992,12,0.006003629759661377,0.013526736118990447,0.035187186590551464,0.014419915078275352,0.019516796453632794,0.007760879552058493
folr2,0.09240229157001605,13,0.003920160601729577,0.007904935146995177,0.03634525876923357,0.009587619929436502,0.01748637660452329,0.017157940518097926
gsk3b,0.09073728073537334,14,0.02884898164840049,0.011031756327124812,0.015079819085337405,0.007137691138508418,0.0218865067951685,0.00675252574083371
psen2,0.09018457669664211,15,0.012593937977396975,0.009869666097602722,0.02378356385074634,0.012139658565612388,0.017803209252637012,0.013994540952646675
bard1,0.08949395170590596,16,0.015819123076031574,0.01015544310392432,0.020517571519412345,0.017776201725682384,0.01999010646108784,0.005235505819767494
runx1,0.08845855200250143,17,0.0023073427071298113,0.007062815647567505,0.03712859415220234,0.010817113238153335,0.024854713866478063,0.006287972390970375
igf1r,0.08685040711213064,18,0.011450698968011269,0.012247953591716411,0.02632211254585039,0.008505216123294376,0.0193524577454512,0.008971968137807004
e2f2,0.08626297039969391,19,0.01091335267483566,0.007515823750375786,0.030688915625275082,0.01393630427657291,0.017970067801861816,0.0052385062707726495
hsd17b11,0.08615379627337474,20,0.02014451768514493,0.010634190897311662,0.017621352198941388,0.007168364299009037,0.01724102481193915,0.013344346381028572
mmp11,0.0859715541335388,21,0.018404970488940537,0.005424177900458494,0.022313123689790323,0.008160246647831788,0.026171918831822162,0.005497116574695487
tgfb3,0.08548139164172007,22,0.012777599019115403,0.005483792469093179,0.02399659917274685,0.009997633458704958,0.02699399239926786,0.006231775122791831
fbxw7,0.08348061653179646,23,0.029768644585655292,0.0036416243403578326,0.013220678826437791,0.005546323872175467,0.024938230362399432,0.006365114544770634
casp8,0.08250463040068702,24,0.005628499878827956,0.006532860728112761,0.029550170313100296,0.007558753642723586,0.02303475100689727,0.010199594831025153
cyb5a,0.08228620005797227,25,0.019556495048593255,0.006481912473076462,0.017780973567801436,0.00828687479917149,0.016099538784560042,0.014080405384769578
bmpr1a,0.08214389651948509,26,0.009065312157878494,0.004399327150309061,0.02290145133109177,0.012952243423218714,0.02689539833665644,0.005930164120330614
tnk2,0.08109895706414541,27,0.007400934018820433,0.00617393962302672,0.02830363312281213,0.009169419624280892,0.021998265330075144,0.008052765345130075
acvr1b,0.08027643523141335,28,0.013753035381763163,0.0061234367065110575,0.02107354211344534,0.008932871511445142,0.021534431103372647,0.008859118414875997
map3k1,0.08015233091992789,29,0.016741620023917374,0.00913242739418283,0.02014681287047247,0.006849349627333306,0.014755340170477246,0.012526780833544663
chek1,0.07971957990368363,30,0.015156313274525116,0.007439141892290796,0.0226312574315892,0.011650872485420408,0.015562234912819247,0.007279759907038855
bmpr1b,0.07895624392489799,31,0.008145238342665964,0.01330830220626951,0.023825836079854626,0.015934248488886624,0.011854146566546582,0.005888472240674684
npnt,0.07813559772000907,32,0.010363629576992849,0.011184328177324671,0.026168010362117716,0.012003362756899304,0.012114907139695636,0.006301359706978904
hes4,0.07765918619548318,33,0.011898360760985096,0.006668844210615811,0.01805878920810232,0.006589236796399325,0.012429782770995292,0.02201417244838532
diras3,0.07738484358754404,34,0.015694525536013044,0.004075545727091113,0.020504921302927775,0.009832432718861746,0.022958117050374496,0.004319301252275864
mecom,0.07560763031261848,35,0.004054291860565895,0.002526792068806719,0.03233609734973114,0.006394822501637579,0.023768804475078776,0.006526822056798376
tubb4b,0.07510593782772444,36,0.0037459227495519683,0.004911996882460698,0.030566691222396827,0.011419146957159143,0.018080069190576916,0.006382110825578899
kdm5a,0.07441160350963019,37,0.011621554450815209,0.007389423349242103,0.025366266768588486,0.00620330987352545,0.01853476972796942,0.005296279339489533
gdf11,0.07369798195135747,38,0.011739888781001628,0.010009215405056058,0.01573123367374093,0.005170759000683802,0.010995281154713061,0.020051603936162
ccnd2,0.07315181166929022,39,0.008293254733406119,0.006407176943974505,0.025168067313795745,0.008450283858411966,0.019843735519503466,0.004989293300198415
hsd17b2,0.0731343224581618,40,0.008650891252444212,0.011019847198035603,0.01936424101056138,0.01140318946231254,0.011491632403857623,0.011204521130950445
lamb3,0.0730078601441024,41,0.008639314884806603,0.006050908509036579,0.015846024769494618,0.01632164567914633,0.01778545659819559,0.008364509703422694
rps6ka1,0.07294815104364138,42,0.007691499551610721,0.0067177546399032045,0.018763638505963413,0.012281452185506093,0.017909804504530075,0.00958400165612789
tsc2,0.07285801222114928,43,0.00509327069104484,0.008759221292437204,0.027115754527779912,0.008169006972936368,0.016966730957823112,0.00675402777912784
herc2,0.0724771653959062,44,0.004143024426182009,0.0034699520489195443,0.02687726907879218,0.008708164989728906,0.022761968575731577,0.006516786276551979
hdac1,0.07240497784724285,45,0.005792522756304682,0.009073709674238891,0.022717233815846005,0.009407908133353623,0.016143916487224453,0.00926968698027521
erbb2,0.07220358373758547,46,0.0073795623033392115,0.025965948528461753,0.00917491941353065,0.010675196257441146,0.006617463907606314,0.01239049332720639
nt5e,0.07164797957880252,47,0.004685478472696395,0.005272333293291726,0.024072679429085336,0.010336020174804419,0.017279795688670007,0.01000167252025464
mlst8,0.0715528379109802,48,0.015811172119274578,0.010179488424859499,0.008701973917038761,0.006087718911729285,0.00572241196223752,0.02505007257584056
fn1,0.07141703270415628,49,0.01452545064186735,0.004483926239982889,0.01718220983351224,0.006179962250469999,0.023535443029192155,0.0055100407091316465
cyp11a1,0.07138744519834232,50,0.016455749045376424,0.009496441245433826,0.012935938167234337,0.007934054072342388,0.012139699139375048,0.012425563528580293
mmp10,0.07131220687630795,51,0.00402453889031771,0.006167948944067137,0.025090962655357457,0.01249087863020934,0.015300941341483543,0.008236936414872763
slc29a1,0.07061486590076459,52,0.016413697009535894,0.006678144247481164,0.00989266847342252,0.00879027939328298,0.01168407310552877,0.017156003671513258
sptbn1,0.07032169659525918,53,0.012005411974468293,0.004236694845543595,0.019218166318819514,0.007697978190712704,0.018532040198374268,0.008631405067340796
cbfb,0.07030144489589801,54,0.006151539686383861,0.007963620297556664,0.024829104042635962,0.008597572374065679,0.014910481860282956,0.00784912663497289
large1,0.07028411139970284,55,0.016867093582520185,0.0043423628590832306,0.015060323091932871,0.008400557716172718,0.01810414752490524,0.007509626625088584
pms2,0.06869717600154811,56,0.005885752706354941,0.006799797353917083,0.024252939074872002,0.006806337366892473,0.015797177074748443,0.009155172424763172
kdr,0.06849197368857265,57,0.01386161574612951,0.007243842244401596,0.009953405847892883,0.006366966207120349,0.007729393352797032,0.023336750290231287
ldlrap1,0.06830893090449164,58,0.0034782500072735477,0.01746674851762623,0.020396353940007415,0.009830680056460163,0.012978659440558002,0.0041582389425662775
rad51c,0.0682584959590952,59,0.007731002617091049,0.010240388519637674,0.016704896802587875,0.01500803657894291,0.013155133024577857,0.005419038416257836
mapk8,0.06751382110209975,60,0.013223729593251743,0.005660506930893407,0.016855534195379673,0.008513326261860132,0.019745742946362443,0.0035149811743523537
smarcb1,0.06744537631024491,61,0.013350267152530971,0.0038493092448426028,0.02031106837484073,0.005184098121938154,0.018648235056094024,0.006102398359998433
setd1a,0.06739896315778546,62,0.008115293689457381,0.00712265509937911,0.019152927924802873,0.009986222903496928,0.018265966978011552,0.0047558965626376196
hras,0.06728156403317252,63,0.01078506449830375,0.006393057292519899,0.014734991854751129,0.009229691580666288,0.0115394656074909,0.014599293199440557
dab2,0.06716659849660196,64,0.020387131531916656,0.005531321274976037,0.010713059078981478,0.005127156198941381,0.015386950565424223,0.010020979846362186
erbb3,0.06710036569747121,65,0.007689323966188306,0.0074087211193877,0.01879493908049432,0.009574238943225143,0.01032830789889,0.013304834689285745
pdgfra,0.06698632483569428,66,0.0038000124310864167,0.004823544915802159,0.027008238414819162,0.007553971326365946,0.018412104612854162,0.005388453134766423
adgra2,0.06687498221819202,67,0.007962047433914776,0.009381346820543894,0.011755698110827988,0.013045644694834194,0.010996530113657971,0.013733715044413205
jag2,0.06649335341387133,68,0.010738317330046293,0.007396715487059993,0.016309387989634022,0.010758809612784338,0.012116802072658589,0.009173320921688093
folr1,0.06631716348106216,69,0.007492816940375895,0.008895918983368998,0.012424659298788705,0.018417507452547298,0.013276889296665328,0.005809371509315925
smad7,0.06613952788336086,70,0.010232079650524202,0.006436770496158711,0.015315549507475448,0.012353454142446667,0.012808486088950025,0.008993187997805812
maml1,0.06519178984260993,71,0.004830291942718116,0.0043321351163274355,0.019614790165462453,0.011120818793979559,0.018333321795740126,0.006960432028382237
rab25,0.06501090819426691,72,0.007607201419650966,0.00451559647279611,0.017045837587883826,0.005146925571212278,0.011250047748028649,0.01944529939469509
cdk2,0.06493815722378461,73,0.003072441117067073,0.008344147317475807,0.022263550832065115,0.015255572288454713,0.011728300857322195,0.0042741448113997015
ncor1,0.06466470338574272,74,0.01712807977085328,0.009506417198557958,0.00988736982982576,0.007810385829266843,0.016616963054566298,0.0037154877026725776
nr1i2,0.06465567530921484,75,0.006152293836295329,0.006634174390631271,0.02037249156785274,0.0066922572450191795,0.020596648586962633,0.004207809682453685
frmd3,0.06462656250807984,76,0.01295492289589446,0.008369935719619978,0.011600134735111988,0.008102171350149423,0.007509010376542039,0.016090387430761955
col6a3,0.06411791722314066,77,0.015052921997930513,0.0026726848082491224,0.017708272009304034,0.004626572083425526,0.018605725287202106,0.005451741037029351
mmp2,0.06361832731283315,78,0.01491929002482751,0.004064487907692112,0.012567344287867498,0.004516479141798849,0.01578525190948848,0.011765474041158694
lama2,0.06351889128352628,79,0.002493156104840822,0.0060060926612107365,0.024469722363406315,0.0115581940810187,0.014217427883970816,0.004774298189078891
tubb1,0.06343077395271259,80,0.00734766973354338,0.01103947889270029,0.01440190670931975,0.010481535867197016,0.012731300425943165,0.007428882324008978
hsd17b10,0.06321381546091323,81,0.015160002003720563,0.0037390801091029776,0.015009988356079135,0.005361234553525923,0.016421027541435016,0.007522482897049619
sox9,0.06310847304165924,82,0.004906617757042533,0.0036431726594618272,0.023502167959774698,0.009866445711218058,0.014574716451186173,0.006615352502975954
brca1,0.06305299452718177,83,0.004165221180925878,0.014898360733353768,0.016334590566673177,0.01637073276251423,0.006618945132490045,0.004665144151224666
stat3,0.06296863600612863,84,0.012587308194980143,0.011489914034551393,0.013693984906519649,0.007354334556519124,0.008665290315689746,0.009177803997868572
jak1,0.06266489925997695,85,0.010188468686632,0.007570016266248551,0.017417435981483775,0.006377150470927093,0.012031467848171084,0.00908036000651445
mapt,0.062409317851171035,86,0.005923525828839425,0.009692456466066037,0.02109761677988491,0.008144936075569773,0.009881482307262128,0.007669300393548767
srd5a1,0.06227801038060787,87,0.010284080983259712,0.010364386226027221,0.015504731263920697,0.008034105779081873,0.010386288583600063,0.007704417544718303
plagl1,0.06224398208805588,88,0.016793580738293658,0.006725023670377616,0.008846439962676053,0.0055577828363662825,0.011428500745222848,0.012892654135119414
ackr3,0.06168701139515851,89,0.0057426470931540305,0.0039484752193664745,0.02164380981969752,0.00653486106243624,0.01591140959607711,0.007905808604427142
pdgfa,0.06072637678353963,90,0.017753581159815776,0.0039914145441277,0.010465841189328907,0.006941375682736894,0.015621008744697122,0.00595315546283323
syne1,0.06031223083598725,91,0.0049263564758012185,0.0026136789545420855,0.023426521993580484,0.004011278453954552,0.020345009495398036,0.004989385462710877
numbl,0.06006818095520704,92,0.0023172570370004653,0.010238430313982581,0.015069370829562286,0.014464499219585463,0.01409372884867057,0.003884894706405675
myc,0.059875958172094804,93,0.004523674491652523,0.010105410918503654,0.014181581909995092,0.010026803288090058,0.017922565518544306,0.0031159220453091767
rbpj,0.059535107062810295,94,0.008865824796179582,0.004575405700811425,0.013579802754020404,0.005665039597917635,0.015872097513458777,0.010976936700422478
rfng,0.05925198684932607,95,0.010774389937067237,0.0073456183908635194,0.015601456551102313,0.00604688049047198,0.01559555562958188,0.003888085850239138
tulp4,0.0590633058473313,96,0.008290897515676115,0.005719429387701814,0.01558252329303762,0.012185112582963712,0.013317895945701793,0.003967447122250248
rictor,0.05875487898466216,97,0.0035090945985514874,0.006330348367210971,0.01839526682105489,0.01179593814586066,0.013791594375977748,0.004932636676006408
ugt2b7,0.05865070475821023,98,0.004270486712067968,0.006590131521158493,0.011026509735693593,0.01328334135338973,0.015895451541181233,0.007584783894719214
hsd17b6,0.05837543748897347,99,0.005346419912216722,0.007508355219423657,0.016952905713155757,0.011620690254726838,0.01262180758872124,0.0043252588007292505
mmp9,0.0580684708733311,100,0.0041528290736738355,0.0033928115583703364,0.018818913872841996,0.009867410998199136,0.014797550655452628,0.007038954714793168
map3k3,0.05802267065443703,101,0.0031321292090875164,0.005335275446651973,0.017697272206388514,0.012204338862705454,0.01571150490900288,0.003942150020600693
numb,0.05790092394981532,102,0.01066644886523568,0.007040085020411537,0.009157847790592184,0.011391304889596304,0.011046326055745565,0.008598911328234043
arrdc1,0.05780113765638684,103,0.004047293295070514,0.012939155718269498,0.014395136910095904,0.010689886180553098,0.009080171217554256,0.006649494334843574
palld,0.057776773871057646,104,0.006540700532086081,0.007437324079096853,0.013945557820344325,0.011156036841500416,0.01062832140201763,0.008068833196012343
serpini1,0.05764869201025934,105,0.0066378868441792005,0.005000053172501347,0.01399967254453105,0.012309575520914091,0.012677897549884081,0.007023606378249571
e2f7,0.057280419092390594,106,0.00346294176340802,0.006157422187621248,0.022692401289541544,0.011199729483631902,0.010323062453555822,0.0034448619146320576
hsd17b7,0.057147104378702074,107,0.007855810726706542,0.0049206806763152575,0.016671334938503087,0.008090987258549386,0.009260808832698898,0.010347481945928907
pik3r2,0.05706509383866822,108,0.00508170835281061,0.005713676500817555,0.015399458526096107,0.01259651179529756,0.013404886014899304,0.0048688526487470915
kit,0.056873378501186636,109,0.007505711868850046,0.004797306558696119,0.013006964509836485,0.01129178115991969,0.016871795734827517,0.003399818669056781
e2f1,0.056750418938078806,110,0.006300882514510041,0.006847310817356292,0.01661620256634312,0.008596502197454732,0.012357678335023756,0.00603184250739087
src,0.05673878315048235,111,0.004595740757092098,0.007680029162367021,0.0170942799843798,0.006845430481134281,0.014730893038180148,0.0057924097273289975
cdk1,0.05638417415482442,112,0.0039015055846258143,0.005296714652669989,0.021698817031277774,0.014494570919119395,0.00697373896491151,0.0040188270022199326
mdm2,0.056286500208336886,113,0.01630265010824835,0.003524961214618898,0.010948320173669533,0.006538003646668234,0.014936198339960405,0.0040363667251714615
mtor,0.05624117977892673,114,0.0035293583131592266,0.0032761227964711336,0.020905114143308774,0.005573533408523975,0.016489022119989753,0.0064680289974738655
ccnb1,0.05618880284641263,115,0.003652281363632143,0.007897142620120921,0.020398244906649682,0.012842460827011555,0.006117199174772746,0.005281473954225577
abcb1,0.056153532670767586,116,0.0030349050749164355,0.006992977841196912,0.013390457993122565,0.013061306371685535,0.015144102030830421,0.004529783359015722
akt1,0.05603759307505141,117,0.007591206821237346,0.00503733015312062,0.015706617872145674,0.005562074147319734,0.013248813314866326,0.008891550766361713
notch1,0.055563212603931815,118,0.015375705213305118,0.006968607084286783,0.010249338214965369,0.008031659053409378,0.010779591824759625,0.004158311213205542
tbx3,0.05546358287836446,119,0.009290293209593946,0.0052831534610306525,0.013641038278181304,0.012026839010243966,0.011327667235055388,0.0038945916842592046
bcl2,0.05527851193863928,120,0.0037699651699636357,0.012637599066809946,0.012731766041374028,0.014962816900179293,0.006883317637793457,0.004293047122518917
dtwd2,0.055009020683844695,121,0.004068073948278601,0.006665989732867005,0.014688238982212899,0.011013443167617851,0.010500747688383263,0.008072527164485076
prkd1,0.05500613576030334,122,0.0036561972034108063,0.003067211311584844,0.019722223199843993,0.0059075166063676824,0.015183834114931615,0.007469153324164402
cdk8,0.05493467392821094,123,0.002534753787201732,0.007476136789304815,0.014271782687557105,0.0110177004202464,0.015676113942379562,0.0039581863015213286
cdkn1b,0.054830866216964334,124,0.010998006354224153,0.005676324045571762,0.009604320300466011,0.010772594809963237,0.012047710427951643,0.005731910278787528
mdc1,0.05475705785689003,125,0.005453404787496532,0.006606136710938012,0.013670428637233282,0.008536044454391078,0.012933712077701016,0.007557331189130111
egfr,0.05472531963765067,126,0.00857112799934427,0.00497953733728816,0.013402162611313318,0.01207149696642244,0.010603184622789492,0.0050978101004929876
mmp3,0.05470547291341976,127,0.014908130056709589,0.0034698418550933785,0.007779135925800544,0.007675286368465342,0.015416544621092345,0.005456534086258566
dtx1,0.05467167260183376,128,0.004389560319743712,0.006833495938379788,0.013887471899548693,0.010192996411066364,0.013751494973323848,0.005616653059771351
sik1,0.05461910186312981,129,0.004700519153602225,0.0120953867144739,0.011198849016747132,0.009386547207237248,0.012181060598484233,0.005056739172585072
hsd17b12,0.05442542041977879,130,0.007090774162095654,0.003927690299136,0.01776552304897686,0.005809427924271841,0.013048869967227365,0.0067831350180710724
ctnna1,0.054324416268221085,131,0.011074460453732848,0.007043833988046421,0.016339969706279524,0.004947411722183136,0.0113111090386486,0.0036076313593305597
lifr,0.05429916039881967,132,0.01421776813142615,0.004135817494816399,0.008946600977924978,0.006389296739117759,0.01175141481077799,0.008858262244756401
ar,0.054237819256676825,133,0.005618998098398875,0.0034100089367484535,0.01683647214140106,0.0069133355645272605,0.011913103415666702,0.009545901099934473
hsd17b13,0.053964378654942136,134,0.0030125124700134537,0.0032366720975216937,0.019583182635516935,0.005468517007899541,0.013646425423536048,0.009017069020454457
hes6,0.0538244437273718,135,0.0067342586908037206,0.007400775140811423,0.01342159845017547,0.007975144953470703,0.008242693032571174,0.010049973459539311
pdgfb,0.053397701439185305,136,0.003631386669626742,0.009913849779948043,0.01887546277822299,0.007299507560105939,0.010758909015130321,0.002918585636151274
zfp36l1,0.05327246107349911,137,0.004517373882585026,0.004066856470398494,0.019463614383366745,0.006742024780773563,0.014291556656832467,0.00419103489954281
map3k5,0.05325833857841291,138,0.006085715511499712,0.0087603822479114,0.011865648788891814,0.011271433432066234,0.008789219018669562,0.006485939579374189
brca2,0.053061567619205136,139,0.008772567352934262,0.005945691827310173,0.014929170957815308,0.005171375919157354,0.01043386367795112,0.0078088978840369135
myo1a,0.052922848250797336,140,0.01339106887148306,0.008080466202510826,0.007540681547766596,0.004611507890333925,0.008791282131443768,0.01050784160725916
akt2,0.052853751932787976,141,0.002452229538245167,0.006439580185716735,0.01814999056720891,0.010248934340396317,0.012010450096190022,0.0035525672050308356
mmp15,0.052557935428685434,142,0.002594407425461711,0.008897106209586881,0.020296322462411687,0.006961186131007501,0.01067264611692821,0.003136267083289444
met,0.05250514848377877,143,0.007714806727398532,0.005121111134555037,0.01315325964289832,0.008220062013394688,0.014498004083151949,0.0037979048823802443
stat2,0.052415992433816144,144,0.01251206221880823,0.00393588514035176,0.009649602135179585,0.004654557828740633,0.009539574791545213,0.012124310319190729
hsd17b4,0.052318503034600894,145,0.013765775568258004,0.007196613511660411,0.011182913063280257,0.005407865712843205,0.009683123728350162,0.00508221145020885
sf3b1,0.05227138125155223,146,0.0035569866982848863,0.004433843249458359,0.02150976687914621,0.005605496500420731,0.013686349746809124,0.0034789381774329247
st7,0.05225386785060758,147,0.006712320858054589,0.005654752136897293,0.010668048535759747,0.009472193171392407,0.010245867896444206,0.00950068525205934
chek2,0.05210321747687106,148,0.008463800608169359,0.004630074311907393,0.01457346075207695,0.005056288683048983,0.01190290474334405,0.007476688378324321
casp6,0.05209096388675362,149,0.012693393218655487,0.005621957499026699,0.007081908285116957,0.006168220309871003,0.008592976966341195,0.011932507607742277
ppp2cb,0.05187009820330417,150,0.004424426349634351,0.005507846130346661,0.01708045988749299,0.007060744664149466,0.01363573444524821,0.004160886726432486
e2f8,0.05170808811123752,151,0.01209783988667623,0.004480757786224017,0.009511770878347339,0.007010046063722836,0.012592066293661629,0.006015607202605468
csf1,0.05170256204905705,152,0.010583381615483426,0.006299011077135296,0.009489215532579432,0.006615974857142917,0.007798447185232774,0.010916531781483205
foxo3,0.051359561145864235,153,0.008465336891496441,0.005787656606856994,0.01039347353355022,0.006800503889265286,0.006526758978117974,0.013385831246577324
col12a1,0.05122371654976603,154,0.005614775979241103,0.007414564787442235,0.011238149011364645,0.011209204195402,0.01077189612719763,0.004975126449118416
nrarp,0.05112361700759639,155,0.005433464443967963,0.008568319896920487,0.015799828153095732,0.007436365507822179,0.008786301299468875,0.005099337706321155
cdkn2c,0.05075444680347061,156,0.001588789995503389,0.003385093795512615,0.018647771055254853,0.007569136890542827,0.013612295419196853,0.005951359647460077
psen1,0.05071954526591846,157,0.0051434788351855994,0.0054597621217457775,0.01426088066275587,0.012635556913567252,0.00841678106876183,0.004803085663902128
chd1,0.050698358423700546,158,0.0027715707973278467,0.009763964459077847,0.015819419934551094,0.009473291378623919,0.009067185084250995,0.0038029267698688443
ncoa3,0.05068048936258293,159,0.006660708643866201,0.00985066151042984,0.014127326651037903,0.007924796051000342,0.006193281194230631,0.005923715312018013
setd2,0.050221414467165625,160,0.004960252768577567,0.0030082284512379454,0.015916607321567244,0.00561801923019647,0.01460372237720012,0.0061145843183862845
eif5a2,0.050021653404752814,161,0.0065161573549779896,0.007798783376247229,0.01199086850520108,0.007237244322758139,0.008343081408037429,0.008135518437530954
ptprd,0.04983002673517726,162,0.002054221093928869,0.006497140625176489,0.019553958560652524,0.008113704793921404,0.009222673060499481,0.004388328600998488
smad3,0.04978695156396715,163,0.0028281905228201088,0.005616384673809726,0.017087136838965906,0.009018690213121832,0.009586323065004562,0.005650226250245015
maml2,0.04971978320382785,164,0.008699487817632263,0.003470977682853134,0.013299488745315821,0.004441502174425011,0.011708742012731007,0.008099584770870617
dlec1,0.049667317164226364,165,0.009628936903931604,0.003166952184172187,0.012874253802171666,0.005928408047505449,0.014359857788257156,0.0037089084381883024
cdc25a,0.0494364332394293,166,0.00646255428238596,0.004361779695852213,0.01549648938516789,0.007985494512842629,0.011300839135664077,0.0038292762275165333
bche,0.04943166014689212,167,0.0031878924463745067,0.005072277317615916,0.015043158822720596,0.009129887710093694,0.014695886998317228,0.0023025568517701807
cul1,0.0493445774478441,168,0.004678933068869407,0.004531581990319469,0.014495198923792432,0.009084830266228973,0.009787296162671679,0.006766737035962136
rps6kb2,0.04930775478088397,169,0.00764802172055411,0.005138754820656998,0.010446152567008388,0.008721178125682195,0.01008758066795125,0.007266066879031028
rb1,0.049218311375886885,170,0.0036773670304314694,0.005389970209398303,0.0165842403339146,0.0061490147888784465,0.012392071153473141,0.005025647859790918
hist1h2bc,0.048994406324120936,171,0.008248232425132637,0.005672482969038954,0.012649227501736348,0.0062962513101478155,0.012146579282063506,0.003981632836001676
dtx2,0.04893346600092306,172,0.006953766655439327,0.005807981428056863,0.01054666794474854,0.010465304366180971,0.01060404594216089,0.00455569966433647
taf1,0.048882442716835325,173,0.009856047277956748,0.00616131572084758,0.00862954873076589,0.0074135319931476745,0.009776123158329734,0.0070458758357876995
terc,0.04881306144648571,174,0.0067042092961842655,0.009340690625555512,0.009723321169363242,0.008141762631849321,0.008140190198679648,0.00676288752485372
muc16,0.04878571870423831,175,0.01175406394884757,0.005671266036001052,0.009104085132523945,0.00504693054522769,0.00853238418733908,0.008676988854298977
asxl1,0.04877240568636145,176,0.0024815173367114425,0.010283605681186025,0.015051387779223902,0.010141251614521724,0.007896635627501933,0.0029180076472164265
afdn,0.04869314295134865,177,0.007431050345045316,0.012869221463593858,0.008825420020789206,0.009432698124966459,0.0069141931834561425,0.0032205598134976638
stat1,0.04861674334597367,178,0.008873958945418507,0.004114435207033232,0.0128719847627832,0.005822435624072254,0.012429365149219577,0.004504563657446901
hif1a,0.04859737828717304,179,0.00782787297287522,0.006485937212525237,0.0082525349603574,0.007257655239255823,0.006527139872802432,0.012246238029356935
nek1,0.0485111042665274,180,0.004352315191851263,0.00600563210548225,0.016599750798506598,0.006686206726967651,0.011266344604224024,0.003600854839495611
ahnak2,0.04848492753892793,181,0.011520914418372325,0.0026364488414278606,0.010183343491173329,0.004643968632947,0.01108021228508159,0.008420039869925823
twist1,0.048175297815730676,182,0.0033667806489779016,0.005638978682654502,0.012865250532650557,0.007025546414694735,0.012635200808703928,0.006643540728049057
cdk6,0.04803163445407486,183,0.01443821664217841,0.005509969520292774,0.006977998473191315,0.0034219702152810043,0.008467027338700802,0.009216452264430554
ccnd1,0.047806124275842826,184,0.008976229900314013,0.003881814587530708,0.009639224321514565,0.008448058872489953,0.008688402926711488,0.0081723936672821
jag1,0.04776137724536288,185,0.0056151653436106765,0.005703951129988116,0.009016567965783711,0.008470051302299596,0.012308815170826635,0.006646826332854142
apaf1,0.04765874050483459,186,0.00615361535499226,0.007052687582165343,0.008031109254356452,0.007259303287339519,0.006449008630142261,0.01271301639583875
arid5b,0.047652049674842406,187,0.002202072038186776,0.0042089386630825235,0.014618245534299714,0.011584994002251537,0.010551025350214054,0.004486774086807795
rassf1,0.04753908418366309,188,0.011208304072272664,0.0069474019269373894,0.009568507090051146,0.005669549093376083,0.01057195110688332,0.0035733708941424894
psenen,0.04752619528724852,189,0.003685477064954227,0.004938193228178052,0.015887468002875563,0.006659496375891952,0.012446676885504533,0.003908883729844186
klrg1,0.0475171710673618,190,0.0033343745817635186,0.003667895404865632,0.013643487460046264,0.009198644364504438,0.008724268581349455,0.008948500674832492
braf,0.04728001374519692,191,0.005348560010188792,0.004420550291339606,0.010209070776244685,0.00821849859509854,0.011104858032252892,0.007978476040072409
mmp25,0.04726638573565563,192,0.002085363978855157,0.006739756589859351,0.017417363296959133,0.012143155500555974,0.006354879118609256,0.0025258672508167543
mlh1,0.04673875624984638,193,0.009747281406061176,0.004132308440536596,0.010382915978488444,0.005301343636787143,0.009234219744314296,0.007940687043658726
acvrl1,0.04671153998961175,194,0.006071230218291932,0.004434779173387963,0.01059814716173648,0.005917458892113088,0.01251650256476797,0.007173421979314314
csf1r,0.04645881091726283,195,0.003519403345515029,0.009170276331318616,0.012663271070565457,0.0074477263619717226,0.007253243352870461,0.006404890455021546
mmp1,0.04631415572770235,196,0.004452560120054903,0.011212243753973367,0.01044741344475809,0.007548655658557813,0.006089390592581528,0.006563892157776655
cdkn1a,0.046217101537527026,197,0.002692000731546347,0.005888198614367381,0.013802750036733256,0.011217541042357532,0.008264753693252753,0.004351857419269758
opcml,0.046166570069530316,198,0.005950001519124695,0.006868978414012625,0.011091528580873816,0.006823920551014126,0.012139631578491513,0.0032925094260135394
hes1,0.04607759153102954,199,0.006934903708884369,0.004088430146449072,0.00774577554653478,0.0060895046014608585,0.00785610470735303,0.01336287282034743
ncor2,0.046036857951370615,200,0.006468441319574944,0.006670943483963506,0.01104805203869956,0.0058988117687389105,0.007802466668145948,0.008148142672247746
shank2,0.04592884103477036,201,0.012628647165177628,0.0049620857236637745,0.005960062857822297,0.003585582143029928,0.006279436622635713,0.012513026522441016
ep300,0.04573346871148587,202,0.010046377907315792,0.0028380009724852454,0.010659559844500413,0.004524593423574109,0.012827329899225947,0.004837606664384363
flt3,0.04567537231844756,203,0.002596783327127349,0.006848586256186332,0.013091846335371572,0.008191251567567719,0.012709949203479879,0.00223695562871471
pdgfrb,0.04565479915240167,204,0.006979973012554785,0.004902894229420683,0.013724695109201763,0.004847784041593731,0.00969870956227424,0.005500743197356465
peg3,0.045626050960758446,205,0.0032086782577212852,0.003542545506734952,0.00963589771258119,0.008621386898729993,0.015525550138529581,0.005091992446461439
cyp3a7,0.04506919886299068,206,0.00944582351521238,0.009104585879019605,0.00852429396176897,0.007138316814523809,0.00803562277543141,0.0028205559170344963
mmp12,0.04449498414365726,207,0.007858451808875512,0.004242444794990088,0.009048333602333885,0.007621191923931083,0.007797813386010106,0.007926748627516586
prps2,0.044446892270306786,208,0.0043645197022555825,0.00822514747508277,0.011593989297343605,0.006045691381519357,0.007775672754850157,0.006441871659255314
ncoa2,0.044312548689666414,209,0.006399121120651286,0.00818593075794123,0.007218479667770458,0.006520705088031542,0.0077563931276337025,0.008231918927638195
e2f3,0.044064590633735974,210,0.007412036369718847,0.0025936635366734617,0.014407382217113336,0.004131228723467288,0.01241714303290875,0.0031031367538542887
prkcz,0.04404311779690435,211,0.0062310433595964745,0.0037952872595435577,0.010520392807202301,0.009254258240462805,0.00884460544486182,0.005397530685237394
slc19a1,0.04400241316445169,212,0.003335903479033519,0.006054343562199457,0.015416418915845317,0.006553270672587636,0.009708585693809063,0.0029338908409766965
siah1,0.04369508653167367,213,0.007360003659044432,0.0058389843540319316,0.006956333422535548,0.008230251245159616,0.006778432470138359,0.008531081380763783
tp53,0.043648285904126775,214,0.00424664378435334,0.004342985013586421,0.01465139088337292,0.005017286744838694,0.010956148665127086,0.004433830812848318
map2k2,0.04356051016166697,215,0.0040181475283444495,0.0070905893724282874,0.012617530994498851,0.004696246730691861,0.009454889868402457,0.005683105667301064
ros1,0.04352270316792389,216,0.0030274283903460276,0.005554182284200537,0.015401393938985935,0.00950210813581849,0.007235062073012514,0.002802528345560394
pde4dip,0.04343629878936093,217,0.007169525279350677,0.006685579089086959,0.007360206250672704,0.007796231693719402,0.00853828274098499,0.0058864737355461974
l1cam,0.043424156807746236,218,0.007510118671643471,0.007177574393072883,0.008909089985670894,0.005945074951348581,0.004084267374196669,0.00979803143181374
map2,0.0433643277961792,219,0.0065858240504005055,0.00413430947823692,0.00894198064478451,0.00870861111565248,0.006543296081162706,0.008450306425942074
epcam,0.043151746770574324,220,0.00754822002005272,0.0055914557856798185,0.008769364974083156,0.00559442607002463,0.005682321756160477,0.009965958164573517
mtap,0.04310638936664596,221,0.014069461732846783,0.003299605166846811,0.008352056636970022,0.003910877544141187,0.011067489777995357,0.0024068985078457986
nr2f1,0.043063191125036725,222,0.00796277750744536,0.006455794284008639,0.010088143881801744,0.005696157901522559,0.010740119293230864,0.0021201982570275605
aph1a,0.04302575411119412,223,0.0024253913804504514,0.002744243254553549,0.017621922428237943,0.004441483082132333,0.01247359011841898,0.0033191238474008645
setdb1,0.04285576481102062,224,0.007028524731415278,0.005012065804063406,0.011817666327900137,0.006499873755157745,0.00907822762958389,0.0034194065629001634
tgfbr2,0.04284030772177906,225,0.002425599692759589,0.006274112186717761,0.01134176483479138,0.009387081195428425,0.008251199617115122,0.0051605501949667865
cdh1,0.042632423005473916,226,0.00261425444634673,0.003050860409366865,0.010873571475253224,0.00733390755073601,0.012978504161003645,0.005781324962767436
smarcc1,0.042598922393221744,227,0.004994435530441903,0.005253347866635408,0.013246250289963927,0.008822259896128738,0.006407299060642963,0.0038753297494088018
aurka,0.042559364841697186,228,0.0018983322871647266,0.00411096428503472,0.016651104546321165,0.012043874364712935,0.004608502439234609,0.00324658691922903
spen,0.04208777356086012,229,0.003975813641560375,0.005226153983952601,0.01174554297043722,0.005725678819419031,0.011771343052961165,0.0036432410925297254
srd5a2,0.04203393187779926,230,0.004976551131880336,0.007344718397127917,0.008666466530984908,0.00853114289883239,0.008321833322298704,0.004193219596675007
jak2,0.042020438250700475,231,0.0021579340470867345,0.004515938863396378,0.011676311786614659,0.0070157491164277155,0.011223180427289502,0.005431324009885483
wwox,0.04193242698980269,232,0.0026798952017277884,0.005288409363219796,0.012488190596187672,0.009911561571327705,0.0075327064474002585,0.004031663809939476
hsd17b8,0.041897944251429925,233,0.004127176277440531,0.005745630383463976,0.014046500876233893,0.007676488870937541,0.006656227793720586,0.0036459200496334046
casp3,0.04181203636384532,234,0.005474015575663883,0.005847662084662953,0.01039717154305979,0.006465283754757332,0.008899629982718205,0.004728273422983161
nfkb1,0.04124617753074896,235,0.0027549397402433238,0.005815756381824195,0.01076319044281621,0.006966557633786185,0.009969031397173854,0.004976701934905192
erbb4,0.04124562288150325,236,0.011521676926042567,0.0025596105785039946,0.008440743149676171,0.00471954321082388,0.011524199998941243,0.0024798490175153938
srd5a3,0.04121605618074412,237,0.005582383170457925,0.0073955537229814915,0.010261334775305922,0.007222893201028315,0.007981451081322923,0.0027724402296475433
casp7,0.04116528645153666,238,0.002341270313308327,0.0023082766787981862,0.013687391677528048,0.006323488002994977,0.013398248817718637,0.0031066109611884787
map2k1,0.04089914394664231,239,0.0016971670529312129,0.009779635427511585,0.013356241157258182,0.008497777527216763,0.004630995248053555,0.0029373275336710136
hla-g,0.040499166369077445,240,0.004123758647448319,0.0053511251563187244,0.013327577819951586,0.006849023698019946,0.0067451946628015015,0.004102486384537371
bcas3,0.04048478329174228,241,0.007882976928566087,0.010286622375828608,0.006713188437420158,0.0074903604479447106,0.005961918624271256,0.002149716477711466
smarcc2,0.04043810973609521,242,0.003697685619098535,0.006085278236436012,0.013408882244298774,0.005723217117808983,0.009057224770991315,0.002465821747461595
mmp28,0.040263260665249476,243,0.003803375727961023,0.00383810977114126,0.012776720755145183,0.0033664957027850656,0.009807501269597622,0.006671057438619323
ppp2r2a,0.040239980444826844,244,0.00766688550806167,0.005644878700455095,0.0049901653493825285,0.007683424842883059,0.0039801712240292095,0.01027445482001528
rheb,0.04020853681395464,245,0.005520067174011542,0.0041659897569084545,0.011828725638549944,0.004515117846098802,0.009049092976066918,0.0051295434223189865
ccnd3,0.04018320243945825,246,0.0031983260498015453,0.0037747666145054467,0.007800889029732669,0.008996025015697297,0.012185265205748952,0.004227930523972336
fam20c,0.04015806061513473,247,0.003551679151798024,0.0038306870064765534,0.008809524152288122,0.011209071753011337,0.008393888323854121,0.004363210227706572
atr,0.04005248590891596,248,0.006506685762598498,0.002918288469488979,0.011069436935454695,0.004276258361717751,0.011350420875213192,0.003931395504442847
spry2,0.039991988744180466,249,0.00622038076550365,0.005691399524411264,0.00798269981233718,0.007063314610982879,0.009610565627554397,0.0034236284033910954
prr16,0.039984624225615766,250,0.006401322028688378,0.003590157322316286,0.008881105807605018,0.005317996841681559,0.0060771580637105985,0.009716884161613927
mapk6,0.03987803205011312,251,0.0022936047698628404,0.009741981984437329,0.010367077753873414,0.00879589030062867,0.0050745686761162695,0.0036049085651946003
eif4ebp1,0.039701474002033284,252,0.005021398765360621,0.00944092349002537,0.006721450129525697,0.006774030042632033,0.004363884602539336,0.007379786971950226
mmp13,0.03961241126819232,253,0.005708939022773032,0.0035828574627749447,0.012430126032095444,0.0073134887841898024,0.00597739718843083,0.004599602777928272
asxl2,0.03960483342748959,254,0.007485086060434723,0.0037995104770169796,0.005559540668345434,0.00769562336917019,0.006476841740271646,0.008588231112250622
bmf,0.03952924715715302,255,0.008598520718675355,0.005352781865136265,0.010356486194491027,0.0037847342589562294,0.00907245921067187,0.0023642649092222787
dnah5,0.03949111432398012,256,0.0030362889485000153,0.005040348526101701,0.010813920807696413,0.008924628633339239,0.00786666942806765,0.0038092579802750984
pik3r1,0.03930119431137916,257,0.002721845780605375,0.00400920992774014,0.00977332712462814,0.010846912056815877,0.008823677407173486,0.0031262220144161463
mmp14,0.03912207681908833,258,0.006468806845890684,0.0031401965378780486,0.007817304010148733,0.005277888471469954,0.009588882711850794,0.0068289982418501165
map2k3,0.039117815857944396,259,0.007708026070772039,0.008956631023164806,0.006487198120000528,0.005826463049196232,0.007634422740528066,0.0025050748542827226
rbl1,0.03874124406462985,260,0.0037799099366737036,0.005055205823928274,0.00952792480091431,0.007587968128087525,0.006912982736550156,0.005877252638475882
arid1a,0.03863828312331007,261,0.006778190981880513,0.005550521521274733,0.007973749370220936,0.004825374349862241,0.008347035153791637,0.005163411746280015
nr3c1,0.03852271705561774,262,0.004831768133317101,0.0036246964872610594,0.008754615889367963,0.007746825806500389,0.005787038739774318,0.007777771999396909
mmp19,0.03850437438504736,263,0.006719677275127322,0.006279628791514807,0.00543704034092482,0.005287579445454009,0.004037463870551292,0.010742984661475115
heyl,0.03843256620708435,264,0.007292281154075332,0.0028686246791270647,0.010685036955434955,0.0061765792932916425,0.007388905426513778,0.0040211386986415765
maml3,0.03830783545265001,265,0.004579450644122988,0.0065645328211864995,0.008711251396973584,0.008248574892210082,0.0067908426008459555,0.0034131830973109043
cdkn2b,0.038142197706879113,266,0.0030253416237084442,0.00227865139868569,0.013481297811999852,0.0035744167906718517,0.011041594904329986,0.004740895177483286
smarcd1,0.03782593976538709,267,0.006765581155420284,0.0033819772812392207,0.009783376035544722,0.005452619086529222,0.00950352843731638,0.0029388577693372658
mmp17,0.037820036150051625,268,0.002891735005788011,0.004540227823860263,0.012020425027893916,0.007812899427326615,0.006090259306340373,0.004464489558842447
bad,0.03754214650052275,269,0.004881464765495449,0.006810454564564023,0.009007792268170802,0.006396914655228569,0.005585378589622046,0.004860141657441854
hey2,0.03745760026247918,270,0.007816469333581847,0.003573917008206159,0.008960582306370824,0.003000046327435624,0.007136162774700176,0.006970422512184548
bap1,0.03728896404971805,271,0.006331839925561376,0.004040871802735161,0.007705104626557171,0.006419941822910936,0.0066729686353426566,0.006118237236610749
kdm6a,0.037257649836391585,272,0.0066221032492617,0.005989017271928772,0.005378839997887762,0.00521929454011607,0.0034656601208703096,0.010582734656326975
igf1,0.037176619292035376,273,0.0011012943516575371,0.0023022247433207433,0.01537399933584533,0.005981138931022307,0.009594346210568564,0.002823615719620893
ubr5,0.037077809546555464,274,0.0011944512108788782,0.00675426030937016,0.009329332985923677,0.008486870009040023,0.007738103640533015,0.003574791390809709
rps6,0.03695311988537432,275,0.004797756378280506,0.0049378757384423285,0.007995805847808724,0.00786050162072391,0.004940857857108998,0.0064203224430098545
cacna2d3,0.036905373468436545,276,0.003071980938186616,0.005388191836459428,0.008053584860015318,0.0075132883959438315,0.006943446365287242,0.005934881072544104
cxcl8,0.03686451370063612,277,0.0038362074521881644,0.005926388926896667,0.01099666467049642,0.00787899939501318,0.005091841412002732,0.0031344118440389582
hsd17b1,0.03677727276424767,278,0.005754598094047303,0.005948357053246016,0.006462457536513981,0.005860386371285343,0.005128751910212539,0.007622721798942492
nf1,0.03676735309576008,279,0.001919182573331865,0.0036793056004244605,0.009772285354084344,0.00868247778486177,0.008031744203320814,0.004682357579736831
msh2,0.03675866862058504,280,0.00715747176108254,0.005877089820739201,0.006637880918205665,0.004723670218723362,0.0061701519553261685,0.006192403946508108
ctbp2,0.03675381319028674,281,0.004257714187905216,0.003100475219720504,0.008817453256864734,0.007894014450505029,0.009519368666111541,0.003164787409179718
mapk9,0.036705591048753025,282,0.0032928274711709147,0.00888438220730829,0.006575170425390789,0.009413780005206394,0.005798380028027342,0.0027410509116492948
smad9,0.03670204738386137,283,0.004975709887772301,0.004151887111047743,0.0072719104561483755,0.005543762464895239,0.006855595925107959,0.007903181538889751
abcc1,0.03641434260959005,284,0.003290238065149311,0.008937607886932234,0.007199436759905619,0.008387645655503454,0.006100295582123281,0.002499118659976151
ttyh1,0.036209293810659994,285,0.00665333582397121,0.004768234560333862,0.006024339042038529,0.0042513945336717695,0.005982006597956102,0.008529983252688519
dll3,0.0360915929053496,286,0.005730399639482981,0.003657966593523155,0.007964770192927463,0.002719032958338464,0.006923512472135908,0.009095911048941628
stat5b,0.03601334571126448,287,0.0028451333682020887,0.005198827037390149,0.008058248155642765,0.011042609653101668,0.003661815515801825,0.0052067119811259836
tert,0.03599704190152285,288,0.003066284940335908,0.005037593163805204,0.011364777522568295,0.005500830468071162,0.00729068586478813,0.0037368699419541504
eif4e,0.03593956834566356,289,0.0059978308160453355,0.002673707059679133,0.009298298237035617,0.003947810064630054,0.011328335733227503,0.0026935864350459138
folr3,0.03590979588588743,290,0.005145490264532888,0.003998701031237351,0.01108426461001259,0.0038202480746277476,0.007020679493344516,0.004840412412132335
bmp7,0.035802779171721116,291,0.005321302932417043,0.006254905799329499,0.0064228654144611284,0.011352834710359534,0.004581335118501623,0.0018695351966522874
hes2,0.03559408046205492,292,0.004422515209970756,0.0028366738020916596,0.01007611665575949,0.00401264500334389,0.006928945274014591,0.007317184516874534
ptpn22,0.035319444672710115,293,0.002329283296475574,0.002606850930765975,0.010311044506627984,0.004307352936605171,0.010771329483829552,0.004993583518405856
mapk7,0.03529351372340699,294,0.002004260101778464,0.007030927403565971,0.010588416353661128,0.007090255487380963,0.004879712739117594,0.003699941637902876
map3k13,0.03525338910623362,295,0.0049965447397167665,0.008482105136142597,0.007655062380429428,0.00656757853878836,0.005582981016838767,0.0019691172943177
ran,0.0349296460329096,296,0.002591194666434988,0.005972781643561857,0.009709085410655106,0.008175365081029227,0.005817739498964734,0.002663479732263687
adam17,0.03484250409347874,297,0.005672040251596418,0.003489158469133703,0.007837014593270658,0.005564244330000742,0.0080940293081756,0.004186017141301623
notch3,0.03481033395547263,298,0.00922664102628967,0.00306268889062716,0.007112604639167799,0.0053331896324373676,0.008037152297938274,0.0020380574690123617
abcc10,0.03476178612843248,299,0.0042155330409010105,0.004437240650848469,0.006239623734430804,0.007879737760323066,0.003516920157618851,0.008472730784310283
foxo1,0.03474006049187814,300,0.002937431777985252,0.005536834024354096,0.01130766814896353,0.00421986975094814,0.005805109386742387,0.0049331474028847366
bcl2l1,0.034669831378691895,301,0.0028690906314488345,0.005048264558287395,0.010299189224906668,0.006645935951045934,0.005594644269398044,0.004212706743605018
rad51,0.03459328088095864,302,0.002288188861964463,0.006629478439670626,0.009854702176045008,0.008521168179275862,0.005552355234832631,0.0017473879891700525
tgfbr3,0.03417076984194228,303,0.0023594513844815254,0.006642092552123757,0.007207046377989775,0.006392087320956273,0.008995086442003341,0.0025750057643876114
shbg,0.0341155007676059,304,0.00368498188202369,0.005048829994028244,0.007821687521184261,0.008419678291720517,0.004086243683857496,0.005054079394791699
star,0.0339234840158859,305,0.001734299793561437,0.007247478152373067,0.007458824376084865,0.010069728091647181,0.003870860322529215,0.0035422932796901315
mapk14,0.03391893352857495,306,0.0018087328025044888,0.003578691053447388,0.01195039063111272,0.005469859857611651,0.007545979119153571,0.0035652800647451386
col22a1,0.0338373321409304,307,0.005983908269574909,0.0050966259565326825,0.005414111321075398,0.004642525725105849,0.005438126431351243,0.007262034437290318
tgfbr1,0.03380808928806608,308,0.0034759520404841213,0.006954763017619908,0.006728533256092399,0.006010851824281518,0.004161548337803093,0.006476440811785036
thada,0.03371298089346146,309,0.0061861957377906725,0.004651619284431896,0.00585940097368811,0.005820934420266835,0.005685470092863033,0.005509360384420914
hsd17b3,0.033666501410957936,310,0.003102498605539878,0.005319244101381803,0.009415433269859176,0.004761436483625906,0.006872455035897507,0.004195433914653671
sdc4,0.03363303254074514,311,0.006080202605636424,0.0026596167157228257,0.006898820663227478,0.004410362218087987,0.008735714394736102,0.004848315943334328
tp53bp1,0.0335160533451069,312,0.00437102939139026,0.004084665896936526,0.008523947046797898,0.004818682552149254,0.0065735634417664725,0.005144165016066494
bmpr2,0.03350015122780151,313,0.004715008688426174,0.004203175772280676,0.00953821873361914,0.004577116283506143,0.007996559081882152,0.0024700726680872255
akr1c2,0.03344168796574148,314,0.0020217998985299986,0.006717090633756168,0.008475922179833319,0.004941804164713145,0.006884067203918801,0.004401003884990049
hey1,0.03343810041537659,315,0.0035147171068449492,0.007904999528188038,0.0065522098031472065,0.006467275350310078,0.005935785275348034,0.0030631133515382877
hsd3b7,0.0333781825986629,316,0.007407074909401923,0.005621088489254633,0.005554166527745591,0.0056447797459595285,0.007068861801471469,0.00208221112482976
slco1b3,0.03325974584922452,317,0.0050533041551027,0.003146841656015643,0.00659816351137705,0.005903975202666585,0.007491429712056591,0.005066031612005945
kras,0.033257265919073575,318,0.005704863350524727,0.0043340900167022365,0.0090292420566608,0.00393511010499828,0.008144940806287825,0.0021090195838997074
akr1c3,0.033227473792730694,319,0.007087660056031154,0.004480537950730751,0.006327701062433586,0.005041788582635656,0.00743588844089341,0.002853897700006137
e2f5,0.033118991936217694,320,0.004241695849967601,0.005843939711159622,0.010083275462604605,0.003952396562180624,0.005211935987130772,0.0037857483631744703
inha,0.03289964628253155,321,0.0050791666807546605,0.004431074688266681,0.009145809834164072,0.004186219327461506,0.005192484551970124,0.004864891199914511
pik3r3,0.03289369781416958,322,0.002170483472444958,0.0027261971066835046,0.008417806577221838,0.006284476490209685,0.010994330582365736,0.0023004035852438576
sgcd,0.03288447510218273,323,0.002541526391617051,0.00306541789098168,0.009068889132152931,0.006978548451015524,0.006584204047497199,0.004645889188918346
e2f4,0.032796293898310756,324,0.003479509068135569,0.0026905850167605093,0.007804156936964269,0.006046852588123344,0.007514062283822837,0.00526112800450423
men1,0.03266969749975559,325,0.008519892867969815,0.003266474894554551,0.006279346686404274,0.0029268776802443873,0.008137284339527458,0.0035398210310550998
fas,0.03262018264961522,326,0.0035375235224744984,0.0027943513349434706,0.00782888143694353,0.0044173584769129325,0.0060795553322502555,0.007962512546090528
gh1,0.03235824030771677,327,0.007358596667342714,0.0033452142976256815,0.006660813552962045,0.0036182553340769665,0.0072882788135885945,0.004087081642120774
wfdc2,0.03205699070149055,328,0.00266656162109832,0.0090007068636052,0.006021275938955998,0.006972526213652133,0.004476037159558187,0.00291988290462071
nfkb2,0.03196683324531496,329,0.0040396576602791615,0.0036816638585057126,0.008362075558540577,0.0038914555309414417,0.006635102475916567,0.005356878161131504
map2k5,0.0318210206341918,330,0.002570419429474579,0.00383253301550012,0.008022043843249966,0.005556548044089374,0.007711891702192227,0.004127584599685536
smad1,0.0317747363681873,331,0.008556819199793148,0.004119575456740178,0.005758086270639167,0.0036390103500919297,0.007417984547431531,0.002283260543491341
ddc,0.03173324554836909,332,0.005791740508598447,0.0073258517871557845,0.003965504590940553,0.005127281035538461,0.005218660988839748,0.004304206637296098
acvr1,0.03169808539521223,333,0.003129927170441708,0.0035480017535956163,0.008174675621980557,0.006611203947440239,0.006114568468671868,0.004119708433082242
dtx4,0.03152689446035111,334,0.0033647291497793104,0.00640772423286217,0.005931548320288847,0.006193446218756336,0.005575972681632297,0.00405347385703215
snw1,0.031442654857528264,335,0.002332263088099648,0.0045073537856733,0.009159519253657968,0.005290575963101234,0.004802767004568436,0.005350175762427679
itgav,0.03136315226990421,336,0.0038887363027541536,0.006642532623805017,0.006199610746209213,0.00457728714138418,0.003934932662584405,0.006120052793167244
tsc1,0.03130535700529651,337,0.002191695546151799,0.0036853645093323363,0.011084367689125848,0.0054828280991068255,0.006419456265928347,0.0024416448956513593
taf4b,0.0312768879893983,338,0.0049121139820106925,0.003169600597687619,0.00924705278050756,0.0030427706553114355,0.008226991195417678,0.0026783587784633195
map3k4,0.03112011530898405,339,0.003118418488287378,0.005397049338137337,0.006708387727498365,0.008303696212803408,0.005745385861805465,0.001847177680452096
notch2,0.030846736337492783,340,0.0014096632065313515,0.0029753317080255053,0.012001138222659097,0.004621572962185396,0.007320550109858998,0.0025184801282324355
msh6,0.030740992848912133,341,0.005982432885274463,0.005179476187542256,0.005555680126806768,0.004026882913337518,0.004440334635787069,0.005556186100164059
adam10,0.030611415215923896,342,0.005759780756818267,0.005372702599211182,0.006433373854156758,0.005259632045130298,0.006211275319479767,0.001574650641127624
rpgr,0.030467107303373934,343,0.0029753395070350143,0.005647841225538266,0.008708548540075384,0.005675778384124238,0.005513470796661847,0.0019461288499391827
sbno1,0.030451833245628578,344,0.004952336807649642,0.004493697324992737,0.005719963292095766,0.005873964176427057,0.004430553365991129,0.0049813182784722455
map4,0.030306361078397397,345,0.0027194453679425966,0.003887746192971204,0.010571121215928068,0.005279258305961692,0.005304588985940031,0.0025442010096538036
prkacg,0.030299263329793998,346,0.007981459708345698,0.0029449684741639347,0.005165532857777824,0.00406354429725341,0.007677423790836083,0.002466334201417046
cyp3a5,0.030279608054596906,347,0.0038492815580274276,0.007557200833008561,0.005070019934106782,0.006945901189911252,0.004962066847127095,0.001895137692415788
alk,0.03025287271249587,348,0.0030694819793017666,0.004372301071177886,0.007409690811728632,0.004483538250163351,0.006763878520291854,0.004153982079832382
akt1s1,0.030170794445396956,349,0.00525105713354168,0.005803029084564852,0.006546042645736415,0.0044742121479638295,0.00572469357332533,0.002371759860264845
stmn2,0.030165403947053002,350,0.0028072320069107842,0.0057892123199807365,0.005619187379939518,0.0043293816568594325,0.004921477212736944,0.006698913370625591
mapk12,0.030084285860768747,351,0.006366662739944102,0.0019512750092512549,0.004440668678536368,0.004313188892796807,0.0065915624702288485,0.006420928070011367
utrn,0.029968404951348785,352,0.004367259282999705,0.00426739202758115,0.005877456967505942,0.005551391080119786,0.003629739844340007,0.006275165748802194
palb2,0.029660509499074564,353,0.0019046803725982526,0.004126089913294601,0.008050001744389268,0.006329527883827545,0.006949125384652064,0.0023010842003128346
myo3a,0.029351104791433432,354,0.003169465319392168,0.003212000133199193,0.008539966626495558,0.0046874302104274995,0.006043100774447593,0.0036991417274714216
tbl1xr1,0.02929710300215597,355,0.002080935981251481,0.0025066882282819684,0.00923266796484169,0.006117289680269003,0.006488206838722573,0.002871314308789253
ccne1,0.02927983031695972,356,0.0076042876549168355,0.0038318137734799154,0.006159702491775136,0.0027993036455442356,0.00558681345488963,0.003297909296353967
cdk4,0.029278479529576976,357,0.00533871836352944,0.0032970931908205096,0.007350685240511693,0.0034185598309682606,0.005980751893278827,0.0038926710104682434
pten,0.029246441551291393,358,0.003013414044454199,0.00399030995084428,0.00826880646492404,0.005028726769683692,0.0046616968063254655,0.004283487515059718
rad51d,0.02921902081118508,359,0.002097280026747877,0.0025614837110891292,0.008793100617424833,0.006676687260269285,0.006824732257660598,0.0022657369379933583
prkci,0.02921180591647446,360,0.0025728004481090153,0.0030103200867060897,0.009178214040034487,0.004032614122321168,0.00576856396805005,0.00464929325125365
dtx3,0.029145351687420638,361,0.0022267971153521983,0.0066142129351802565,0.006644015136821279,0.005707760212843192,0.003969386701225984,0.0039831795859977285
tgfb2,0.02906837621990422,362,0.0023677364580979355,0.0026576616894083316,0.009092982742591607,0.00553603302740374,0.005763631461753687,0.0036503308406489183
fgf1,0.028912415835183107,363,0.002223015259866667,0.003140825589812705,0.007425760502391436,0.006987147076025356,0.005586547782408445,0.0035491196246785
acvr1c,0.02886086992544734,364,0.005410586843284439,0.0029589574601656416,0.006419578277081781,0.0034813061769322384,0.007735446350638681,0.002854994817344559
ptk2,0.028762821833999877,365,0.004162362559563938,0.0038675546973373377,0.0063815442560900375,0.004589209614930357,0.00520129370089176,0.004560857005186447
ptprm,0.028639202579344537,366,0.0038366114940273596,0.005079037820640783,0.005646560905109965,0.004041463568767022,0.003973586460418703,0.006061942330380706
mapk1,0.02843864057413245,367,0.005105626015674262,0.0021759893440115204,0.007040341323224443,0.0038961013505672947,0.007195581242225174,0.003025001298429757
hdac2,0.027985812903702865,368,0.0017334599649442746,0.004796455458375556,0.006710043244173511,0.00755745562547274,0.0039271910582155825,0.0032612075525211997
dll1,0.02736303983308172,369,0.0037424390852124614,0.002989614719874757,0.0064384416996122315,0.005469815335601968,0.0056112400063636995,0.003111488986416603
lfng,0.027234973726203877,370,0.001922603420410793,0.006652235036994769,0.005876995823594139,0.0053072615502781145,0.005720890226383755,0.0017549876685423065
ugt2b15,0.027225952735889198,371,0.0012662966152460018,0.0039331345845332755,0.0073045313422568404,0.006705774475040651,0.005858116517254281,0.0021580992015581488
kmt2c,0.027135432322421698,372,0.005157553244025892,0.00323570115099388,0.006172820250571273,0.0036849300446645324,0.005102571212303491,0.0037818564198626296
rps6ka2,0.027031267360695322,373,0.0023542562202570378,0.003150569928156074,0.00854727816236786,0.006784819573297044,0.0028655607144123293,0.003328782762204979
prkcq,0.026992635104244794,374,0.0035419057132529434,0.005367665668066545,0.006010150901189685,0.004652902904113614,0.004197597530213509,0.0032224123874085
smad4,0.02697045770420555,375,0.003817645630917907,0.00473207213657711,0.00528338796734698,0.005804787926035002,0.0048579328707391844,0.0024746311725893674
itgb3,0.026784541427788765,376,0.004204703041089588,0.002798244073851277,0.004292581034849002,0.005352697934051903,0.004256263200769382,0.005880052143177612
rbl2,0.0267416050639795,377,0.001868816907151515,0.004956644768057789,0.006721020722502697,0.004280757861415913,0.006986737604273646,0.0019276272005779422
rdh5,0.02668358197772268,378,0.004752811852288063,0.0034503499686873358,0.00576483057877156,0.004818056269621286,0.004774520418904748,0.0031230128894496846
myh9,0.026642945970351373,379,0.005473813666722607,0.0035291492711442655,0.005190682526761593,0.0036617948055907537,0.004694721550124408,0.004092784150007747
smad6,0.02659785627097804,380,0.003657877034596224,0.0027854143354187296,0.005114143501377926,0.005763591455168189,0.005615942822487069,0.0036608871219299035
rasgef1b,0.02652434887828908,381,0.003440268716698689,0.0049339206429457536,0.0056615938194429834,0.004412940396047776,0.005832762360749023,0.002242862942404854
mapk3,0.026442198607041122,382,0.005046726280084032,0.003387186482425516,0.005610889551150879,0.003941359832692456,0.005291900827851027,0.0031641356328372117
prkce,0.026429319786754134,383,0.0027096903285307203,0.0032542905292926925,0.005927073898766561,0.004847098506162183,0.006080759227966129,0.0036104072960358464
aph1b,0.026398907148564486,384,0.0019498515559403032,0.0026762042003007653,0.009220834790535825,0.004440389230340521,0.00631647703480992,0.001795150336637152
vegfb,0.026345938927207296,385,0.0024313588191384183,0.003593530976016297,0.006310447487096734,0.007013597873008843,0.0037494989285263205,0.003247504843420685
cyp2c8,0.0263372145622149,386,0.001183805683252602,0.0046141229819034475,0.007897031612376126,0.0060184767438832155,0.004305550990488774,0.0023182265503107363
stab2,0.0263341062860084,387,0.00203734024550598,0.0057676928865522704,0.0065719469142123356,0.004570002597480239,0.005169034437859643,0.0022180892043979325
ccna1,0.02631558843275291,388,0.0034365935449715977,0.003891138837631894,0.005237984548953646,0.004047849182502009,0.0036620520314600944,0.006039970287233671
raf1,0.02612765547109129,389,0.004900051339827718,0.003604449041541645,0.00678255456443008,0.003104330386234192,0.005390279766076318,0.0023459903729813364
ctcf,0.02587076666401166,390,0.001846787833900041,0.0032240661318298424,0.006508313471150812,0.007961954767703226,0.00412852497801663,0.0022011194814111085
stat5a,0.025191810481333423,391,0.003756609394049714,0.0031229030361381777,0.005652025971352006,0.003354028601282661,0.00355388164158084,0.005752361836930026
mmp27,0.024947246120779504,392,0.0018974459055196514,0.0027358622632670505,0.00864075819022027,0.003794212702456185,0.005357146585230102,0.002521820474086242
nras,0.024600714853381507,393,0.00275532915797062,0.0035308876863171554,0.005076843562211539,0.004991106929878704,0.002788887187874019,0.005457660329129468
aff2,0.02453098496341396,394,0.0033181127216258036,0.003675480049519786,0.005611440870926666,0.0037299108185999794,0.005290415073771578,0.0029056254289701417
akr1c4,0.024519672393235114,395,0.0017632903410404494,0.0037482118152883286,0.007415376661667692,0.003928641252664768,0.004653066004128026,0.00301108631844585
bmp6,0.024284021834168317,396,0.0031055193547642017,0.002840918287862678,0.006036382041939675,0.005494687265801161,0.002775468961832809,0.004031045921967795
map2k4,0.02404397781069228,397,0.002741538740008203,0.0018432021483057543,0.007771384355033259,0.0025538088259873574,0.0072752031048955,0.0018588406364622033
sik2,0.023890796789026635,398,0.0030505807336206267,0.002046118210690226,0.006592228591242837,0.004195101203643584,0.005071700619454128,0.0029350674303752298
usp9x,0.023861496141104752,399,0.002480238977407598,0.0031465715797853876,0.005170742652942353,0.004625589422541708,0.0048276921050245235,0.003610661403403184
fgf2,0.023811209527070963,400,0.0016477742249584133,0.00320218060020275,0.0066614380373084476,0.004132191285765294,0.004201793390065136,0.003965831988770921
fgfr1,0.02349705454561757,401,0.0024909708415358192,0.0029569723767363205,0.005888119931916057,0.004977505080964586,0.004186547071947755,0.0029969392425170265
casp10,0.023226466180261737,402,0.0022502740845386075,0.0030205896555029026,0.00526939104451617,0.004275816769800424,0.004011551056945169,0.004398843568958463
ryr2,0.02315924352411269,403,0.0016945684763025267,0.0029901062106631408,0.005098784068396549,0.006611647394331109,0.005122478185807433,0.0016416591886119312
kdm3a,0.023069869220967154,404,0.0033668904551045617,0.004126083596934092,0.004680522852614398,0.004406215974593167,0.0030190502232312236,0.003471106118489712
foxp1,0.02291745435428866,405,0.003867189141339657,0.002591378495141572,0.006179707447569289,0.004579607683801645,0.0034379636656427393,0.002261607920793764
bmp4,0.022906975134238623,406,0.0014325937971834018,0.002936554136658581,0.00638220145793591,0.005355764911870635,0.003328813334224178,0.0034710474963659146
tubb4a,0.022708504090995077,407,0.0026907111133872095,0.003013008689826325,0.0066487212137840606,0.003641079615358298,0.0037343669042170465,0.0029806165544221364
rps6kb1,0.02254052095627866,408,0.002178332589983194,0.0037970674864330335,0.005480619612334844,0.0047261138709984935,0.004664683706317328,0.0016937036902117681
akap9,0.022517596978919287,409,0.004291227066029099,0.0024492810722457465,0.005690093096245233,0.0038725309427712694,0.004584711010576866,0.001629753791051069
e2f6,0.021996653342072812,410,0.0026025150607495106,0.003890949299266358,0.003869571798614592,0.004542572628231117,0.004617829580696523,0.0024732149745147116
birc6,0.02156232216111202,411,0.0030205228013661235,0.00410924623491415,0.005067707205532741,0.003753275634582079,0.004355908255760185,0.0012556620289567418
ncstn,0.02147102661348263,412,0.0020493345282668186,0.0030931382525842617,0.005506558004059291,0.005469018888448933,0.003668331790248235,0.0016846451498750885
rptor,0.02064797803611109,413,0.003872881413966677,0.002903366137363518,0.004368464051051303,0.003349604536596395,0.00482353307613814,0.0013301288209950602
acvr2b,0.020588289683321468,414,0.0020315680338827405,0.0037846539980529357,0.005243549645966292,0.003413817591478972,0.003844678464596885,0.0022700219493436437
dnah2,0.020419949641832313,415,0.0023387749591544634,0.004421197618344681,0.0046033008812978405,0.004187070895573382,0.003659086357091555,0.0012105189303703886
nf2,0.020406703352405884,416,0.0020504046723732873,0.0028118955203664526,0.006235088265313499,0.0030406976934471237,0.003501764277385809,0.002766852923519712
vegfa,0.020085419271414676,417,0.003058126697526524,0.0023908920113980305,0.0032160060200924967,0.00354447290937776,0.0032586289884820947,0.00461729264453777
dnah11,0.019838043650896767,418,0.002798692505005325,0.0023376719481955164,0.005714532896172784,0.00329113578862822,0.0027017100969998257,0.002994300415895095
bmp5,0.01959942125750754,419,0.0012803496075712414,0.00557239606978733,0.003749184667586573,0.005169796210321103,0.0018189203742875817,0.002008774327953706
smad5,0.019171027663074623,420,0.0013808663184405403,0.0037818016297769133,0.005623945642947507,0.0037578476156858017,0.002648464494102814,0.0019781019621210446
bmp2,0.01912618648835564,421,0.0024219502124361567,0.002318902559505065,0.004570959754533477,0.005273029420430401,0.0024309552312445485,0.002110389310205993
pik3ca,0.01899863584468055,422,0.0011827053542416736,0.0024012139069779443,0.005853218893647029,0.0037391663256206415,0.003981517832371773,0.001840813531821489
cir1,0.01845532221547932,423,0.0029061714994457846,0.002465952494782996,0.003912887916030182,0.003090843303619394,0.004228247807054655,0.0018512191945463117
casp9,0.018453050846184454,424,0.0022431718394278328,0.00248767825880307,0.004405571519931122,0.003637121333354195,0.003930903520060283,0.0017486043746079533
cdkn2a,0.017753242783126278,425,0.0017887309011629545,0.002736597497386732,0.004410064007692277,0.0031933959379286145,0.0036092793447986883,0.0020151750941570104
ahnak,0.016583052602148554,426,0.0012122760296821853,0.0021735177843440093,0.005431788859668733,0.0036425325294226216,0.0028127647790452516,0.0013101726199857555
mapk4,0.01458617711501388,427,0.002781750591172551,0.0030734268704292788,0.0025134689846880182,0.002739959947967277,0.0023786225976002297,0.0010989481231565249
magea8,0.011403093371536272,428,0.0017514670638530763,0.0012879911691393768,0.002838463511530676,0.0013920091973737268,0.0022006898011459543,0.0019324726284934608
