class,rank,gene,mean_abs_shap,spearman_expr_vs_shap,model_association
Basal,1,nrip1,0.03398148049645418,-0.7046502125189353,lower expression -> more likely this subtype
Basal,2,fbxw7,0.029768644585655292,-0.6772762723168055,lower expression -> more likely this subtype
Basal,3,gsk3b,0.02884898164840049,-0.630800319895251,lower expression -> more likely this subtype
Basal,4,cyp3a4,0.028107023965324995,0.5277054559206054,higher expression -> more likely this subtype
Basal,5,dab2,0.020387131531916656,-0.5784284782312256,lower expression -> more likely this subtype
Basal,6,bmp15,0.020209794796791504,0.46123313306411895,higher expression -> more likely this subtype
Basal,7,hsd17b11,0.02014451768514493,-0.6532411939074221,lower expression -> more likely this subtype
Basal,8,cyb5a,0.019556495048593255,-0.7354913858728509,lower expression -> more likely this subtype
Basal,9,pdpk1,0.01857648823768178,-0.6452110719702125,lower expression -> more likely this subtype
Basal,10,gldc,0.01848979274616257,0.22462597242507046,higher expression -> more likely this subtype
Basal,11,mmp11,0.018404970488940537,-0.5925210843205693,lower expression -> more likely this subtype
Basal,12,gata3,0.017857697664748522,-0.6887583221805543,lower expression -> more likely this subtype
Basal,13,pdgfa,0.017753581159815776,0.6883161316074585,higher expression -> more likely this subtype
Basal,14,ncor1,0.01712807977085328,0.44913772557991083,higher expression -> more likely this subtype
Basal,15,large1,0.016867093582520185,-0.5454629102965348,lower expression -> more likely this subtype
Basal,16,plagl1,0.016793580738293658,0.6845153433450352,higher expression -> more likely this subtype
Basal,17,map3k1,0.016741620023917374,-0.38106071101390243,lower expression -> more likely this subtype
Basal,18,cyp11a1,0.016455749045376424,-0.5476764371410929,lower expression -> more likely this subtype
Basal,19,slc29a1,0.016413697009535894,0.36609093974641826,higher expression -> more likely this subtype
Basal,20,mdm2,0.01630265010824835,-0.7448406155350329,lower expression -> more likely this subtype
Her2,1,erbb2,0.025965948528461753,0.6436249280441615,higher expression -> more likely this subtype
Her2,2,ldlrap1,0.01746674851762623,0.6858066545360575,higher expression -> more likely this subtype
Her2,3,brca1,0.014898360733353768,0.5462527399868359,higher expression -> more likely this subtype
Her2,4,arid2,0.013526736118990447,-0.6121723240813725,lower expression -> more likely this subtype
Her2,5,bmpr1b,0.01330830220626951,-0.7024575977399895,lower expression -> more likely this subtype
Her2,6,arrdc1,0.012939155718269498,0.6954280289020407,higher expression -> more likely this subtype
Her2,7,afdn,0.012869221463593858,-0.6061586200802892,lower expression -> more likely this subtype
Her2,8,bcl2,0.012637599066809946,-0.6558004634357488,lower expression -> more likely this subtype
Her2,9,bmp15,0.012293826264768637,0.43243480018869196,higher expression -> more likely this subtype
Her2,10,igf1r,0.012247953591716411,-0.7116231426602546,lower expression -> more likely this subtype
Her2,11,fancd2,0.012194848088275128,0.45507878993979417,higher expression -> more likely this subtype
Her2,12,sik1,0.0120953867144739,-0.6609734224263505,lower expression -> more likely this subtype
Her2,13,nrip1,0.011530290197998064,-0.31042844399861397,lower expression -> more likely this subtype
Her2,14,stat3,0.011489914034551393,-0.6927397759308541,lower expression -> more likely this subtype
Her2,15,hes5,0.011391094697975907,-0.6092267601213609,lower expression -> more likely this subtype
Her2,16,mmp7,0.011284381080464995,-0.561559156054186,lower expression -> more likely this subtype
Her2,17,mmp1,0.011212243753973367,0.5740503387773418,higher expression -> more likely this subtype
Her2,18,npnt,0.011184328177324671,-0.4861403386451507,lower expression -> more likely this subtype
Her2,19,tubb1,0.01103947889270029,0.651169734638971,higher expression -> more likely this subtype
Her2,20,gsk3b,0.011031756327124812,0.5977504436401582,higher expression -> more likely this subtype
LumA,1,hes5,0.04046635054512836,0.7097804859939835,higher expression -> more likely this subtype
LumA,2,cyp21a2,0.0388736719602988,0.5631480454312181,higher expression -> more likely this subtype
LumA,3,nrip1,0.0378170378933912,0.44833054722965954,higher expression -> more likely this subtype
LumA,4,fancd2,0.037342507353603366,-0.6489424887157859,lower expression -> more likely this subtype
LumA,5,runx1,0.03712859415220234,0.6792614262990753,higher expression -> more likely this subtype
LumA,6,folr2,0.03634525876923357,-0.5833147254822941,lower expression -> more likely this subtype
LumA,7,acvr2a,0.03624556392336673,-0.5991347123574546,lower expression -> more likely this subtype
LumA,8,arid2,0.035187186590551464,0.5375598977487026,higher expression -> more likely this subtype
LumA,9,cyp3a4,0.03372886706257893,-0.554833560947408,lower expression -> more likely this subtype
LumA,10,pdpk1,0.03363400333335595,0.7015024601239331,higher expression -> more likely this subtype
LumA,11,mecom,0.03233609734973114,-0.6812686942412665,lower expression -> more likely this subtype
LumA,12,e2f2,0.030688915625275082,-0.6859386574560982,lower expression -> more likely this subtype
LumA,13,tubb4b,0.030566691222396827,-0.7224076886790007,lower expression -> more likely this subtype
LumA,14,casp8,0.029550170313100296,-0.3468336280351247,lower expression -> more likely this subtype
LumA,15,tnk2,0.02830363312281213,0.19811774341764654,no clear monotonic direction
LumA,16,tsc2,0.027115754527779912,0.6775706269822597,higher expression -> more likely this subtype
LumA,17,pdgfra,0.027008238414819162,-0.5716275940774092,lower expression -> more likely this subtype
LumA,18,herc2,0.02687726907879218,-0.49256331199391323,lower expression -> more likely this subtype
LumA,19,gata3,0.026350424564660312,0.6484598725525765,higher expression -> more likely this subtype
LumA,20,igf1r,0.02632211254585039,0.6967861966611598,higher expression -> more likely this subtype
LumB,1,gldc,0.019011263624208328,-0.6490234408412392,lower expression -> more likely this subtype
LumB,2,mmp7,0.018808582046049183,-0.5379327362146685,lower expression -> more likely this subtype
LumB,3,folr1,0.018417507452547298,-0.6083940988129456,lower expression -> more likely this subtype
LumB,4,bard1,0.017776201725682384,0.6015459005564779,higher expression -> more likely this subtype
LumB,5,brca1,0.01637073276251423,0.5210843880948995,higher expression -> more likely this subtype
LumB,6,lamb3,0.01632164567914633,-0.7160174892610383,lower expression -> more likely this subtype
LumB,7,bmpr1b,0.015934248488886624,0.48837761743856867,higher expression -> more likely this subtype
LumB,8,cdk2,0.015255572288454713,0.6229228311291491,higher expression -> more likely this subtype
LumB,9,rad51c,0.01500803657894291,0.6290199276153988,higher expression -> more likely this subtype
LumB,10,bcl2,0.014962816900179293,0.6182025535620792,higher expression -> more likely this subtype
LumB,11,fancd2,0.01485412966743235,0.5085519869232658,higher expression -> more likely this subtype
LumB,12,cdk1,0.014494570919119395,0.7484048656619414,higher expression -> more likely this subtype
LumB,13,numbl,0.014464499219585463,-0.3007288875894741,lower expression -> more likely this subtype
LumB,14,arid2,0.014419915078275352,0.5018128565921786,higher expression -> more likely this subtype
LumB,15,e2f2,0.01393630427657291,0.5851737288817309,higher expression -> more likely this subtype
LumB,16,nrip1,0.01359329199174685,0.451913106732821,higher expression -> more likely this subtype
LumB,17,gata3,0.01354823474152313,0.6386491827600761,higher expression -> more likely this subtype
LumB,18,ugt2b7,0.01328334135338973,-0.6114235386542785,lower expression -> more likely this subtype
LumB,19,abcb1,0.013061306371685535,-0.6730931674571827,lower expression -> more likely this subtype
LumB,20,adgra2,0.013045644694834194,-0.6270628474150808,lower expression -> more likely this subtype
Normal,1,nrip1,0.0375216869113088,-0.3776604009892838,lower expression -> more likely this subtype
Normal,2,cyp3a4,0.037021718791506564,-0.5055792442937037,lower expression -> more likely this subtype
Normal,3,tgfb3,0.02699399239926786,0.5917419523062915,higher expression -> more likely this subtype
Normal,4,bmpr1a,0.02689539833665644,0.5825435527336044,higher expression -> more likely this subtype
Normal,5,pdpk1,0.026836614937975244,-0.3095891568448001,lower expression -> more likely this subtype
Normal,6,acvr2a,0.0267849437905392,0.4197648140722909,higher expression -> more likely this subtype
Normal,7,mmp11,0.026171918831822162,-0.5439655564553894,lower expression -> more likely this subtype
Normal,8,fbxw7,0.024938230362399432,-0.5604652916859846,lower expression -> more likely this subtype
Normal,9,hes5,0.02491386237740982,-0.07322421070382455,no clear monotonic direction
Normal,10,runx1,0.024854713866478063,0.0361373708930665,no clear monotonic direction
Normal,11,cyp21a2,0.023918461965451086,-0.4500375828767229,lower expression -> more likely this subtype
Normal,12,mmp7,0.02385565360204086,0.5812341884564718,higher expression -> more likely this subtype
Normal,13,mecom,0.023768804475078776,-0.47775974951660644,lower expression -> more likely this subtype
Normal,14,fn1,0.023535443029192155,-0.5343865178557543,lower expression -> more likely this subtype
Normal,15,casp8,0.02303475100689727,-0.09823883956459073,no clear monotonic direction
Normal,16,diras3,0.022958117050374496,0.522140788325569,higher expression -> more likely this subtype
Normal,17,herc2,0.022761968575731577,0.583558042479724,higher expression -> more likely this subtype
Normal,18,tnk2,0.021998265330075144,-0.49328963346321425,lower expression -> more likely this subtype
Normal,19,gsk3b,0.0218865067951685,-0.5333548808577389,lower expression -> more likely this subtype
Normal,20,acvr1b,0.021534431103372647,0.5314910776143315,higher expression -> more likely this subtype
claudin-low,1,gldc,0.029406218529974538,0.529188691539876,higher expression -> more likely this subtype
claudin-low,2,bmp15,0.02831013920004926,0.636074377808996,higher expression -> more likely this subtype
claudin-low,3,mlst8,0.02505007257584056,-0.6457507103813739,lower expression -> more likely this subtype
claudin-low,4,kdr,0.023336750290231287,0.706828176334314,higher expression -> more likely this subtype
claudin-low,5,hes4,0.02201417244838532,-0.6398902266285404,lower expression -> more likely this subtype
claudin-low,6,gata3,0.02165054921410307,-0.7270902794184841,lower expression -> more likely this subtype
claudin-low,7,gdf11,0.020051603936162,0.728309590671883,higher expression -> more likely this subtype
claudin-low,8,rab25,0.01944529939469509,-0.6714746891962504,lower expression -> more likely this subtype
claudin-low,9,nrip1,0.018587274048819647,-0.31988275165577756,lower expression -> more likely this subtype
claudin-low,10,mmp7,0.017245306559367596,0.5240724250827575,higher expression -> more likely this subtype
claudin-low,11,folr2,0.017157940518097926,0.6172326369310432,higher expression -> more likely this subtype
claudin-low,12,slc29a1,0.017156003671513258,-0.7111022755285333,lower expression -> more likely this subtype
claudin-low,13,frmd3,0.016090387430761955,0.6056504458887457,higher expression -> more likely this subtype
claudin-low,14,cyp3a4,0.015314353469463212,0.5401485016480925,higher expression -> more likely this subtype
claudin-low,15,hras,0.014599293199440557,-0.7085606935674625,lower expression -> more likely this subtype
claudin-low,16,cyb5a,0.014080405384769578,-0.655336938352943,lower expression -> more likely this subtype
claudin-low,17,psen2,0.013994540952646675,-0.6770113777653132,lower expression -> more likely this subtype
claudin-low,18,adgra2,0.013733715044413205,0.6460175867219718,higher expression -> more likely this subtype
claudin-low,19,foxo3,0.013385831246577324,-0.6657456701934092,lower expression -> more likely this subtype
claudin-low,20,hes1,0.01336287282034743,-0.6634438672662444,lower expression -> more likely this subtype
